"GAME_ID","event_id","EVENTMSGTYPE","EVENTMSGACTIONTYPE","PERIOD","WCTIMESTRING","PCTIMESTRING","HOMEDESCRIPTION","NEUTRALDESCRIPTION","VISITORDESCRIPTION","SCORE","SCOREMARGIN","PERSON1TYPE","PLAYER1_ID","PLAYER1_NAME","PLAYER1_TEAM_ID","PLAYER1_TEAM_CITY","PLAYER1_TEAM_NICKNAME","PLAYER1_TEAM_ABBREVIATION","PERSON2TYPE","PLAYER2_ID","PLAYER2_NAME","PLAYER2_TEAM_ID","PLAYER2_TEAM_CITY","PLAYER2_TEAM_NICKNAME","PLAYER2_TEAM_ABBREVIATION","PERSON3TYPE","PLAYER3_ID","PLAYER3_NAME","PLAYER3_TEAM_ID","PLAYER3_TEAM_CITY","PLAYER3_TEAM_NICKNAME","PLAYER3_TEAM_ABBREVIATION","game_clock"
21500506,1,10,0,1,"3:42 PM","12:00","Jump Ball Lopez vs. Horford: Tip to Porzingis",NA,"","","",4,201577,"Robin Lopez",1610612752,"New York","Knicks","NYK",5,201143,"Al Horford",1610612737,"Atlanta","Hawks","ATL",4,204001,"Kristaps Porzingis",1610612752,"New York","Knicks","NYK",720
21500506,2,1,1,1,"3:43 PM","11:40","Afflalo 16' Jump Shot (2 PTS) (Lopez 1 AST)",NA,"","0 - 2","2",4,201167,"Arron Afflalo",1610612752,"New York","Knicks","NYK",4,201577,"Robin Lopez",1610612752,"New York","Knicks","NYK",0,0,"",NA,"","","",700
21500506,3,2,1,1,"3:43 PM","11:26","",NA,"MISS Teague 25' 3PT Jump Shot","","",5,201952,"Jeff Teague",1610612737,"Atlanta","Hawks","ATL",0,0,"",NA,"","","",0,0,"",NA,"","","",686
21500506,4,4,0,1,"3:43 PM","11:25","Lopez REBOUND (Off:0 Def:1)",NA,"","","",4,201577,"Robin Lopez",1610612752,"New York","Knicks","NYK",0,0,"",NA,"","","",0,0,"",NA,"","","",685
21500506,5,1,1,1,"3:43 PM","11:15","Calderon 25' 3PT Jump Shot (3 PTS)",NA,"","0 - 5","5",4,101181,"Jose Calderon",1610612752,"New York","Knicks","NYK",0,0,"",NA,"","","",0,0,"",NA,"","","",675
21500506,7,1,1,1,"3:44 PM","10:52","",NA,"Millsap 14' Jump Shot (2 PTS) (Korver 1 AST)","2 - 5","3",5,200794,"Paul Millsap",1610612737,"Atlanta","Hawks","ATL",5,2594,"Kyle Korver",1610612737,"Atlanta","Hawks","ATL",0,0,"",NA,"","","",652
21500506,8,6,2,1,"3:44 PM","10:52","Lopez S.FOUL (P1.T1) (S.Corbin)",NA,"","","",4,201577,"Robin Lopez",1610612752,"New York","Knicks","NYK",5,200794,"Paul Millsap",1610612737,"Atlanta","Hawks","ATL",1,0,"",NA,"","","",652
21500506,9,3,10,1,"3:44 PM","10:52","",NA,"MISS Millsap Free Throw 1 of 1","","",5,200794,"Paul Millsap",1610612737,"Atlanta","Hawks","ATL",0,0,"",NA,"","","",0,0,"",NA,"","","",652
21500506,11,4,0,1,"3:44 PM","10:52","Anthony REBOUND (Off:0 Def:1)",NA,"","","",4,2546,"Carmelo Anthony",1610612752,"New York","Knicks","NYK",0,0,"",NA,"","","",0,0,"",NA,"","","",652
21500506,12,6,1,1,"3:44 PM","10:45","",NA,"Teague P.FOUL (P1.T1) (S.Foster)","","",5,201952,"Jeff Teague",1610612737,"Atlanta","Hawks","ATL",4,101181,"Jose Calderon",1610612752,"New York","Knicks","NYK",1,0,"",NA,"","","",645
21500506,13,2,1,1,"3:45 PM","10:38","MISS Afflalo 18' Jump Shot",NA,"","","",4,201167,"Arron Afflalo",1610612752,"New York","Knicks","NYK",0,0,"",NA,"","","",0,0,"",NA,"","","",638
21500506,14,4,0,1,"3:45 PM","10:37","Anthony REBOUND (Off:1 Def:1)",NA,"","","",4,2546,"Carmelo Anthony",1610612752,"New York","Knicks","NYK",0,0,"",NA,"","","",0,0,"",NA,"","","",637
21500506,15,2,5,1,"3:45 PM","10:29","MISS Porzingis 2' Layup",NA,"","","",4,204001,"Kristaps Porzingis",1610612752,"New York","Knicks","NYK",0,0,"",NA,"","","",0,0,"",NA,"","","",629
21500506,16,4,0,1,"3:45 PM","10:28","Lopez REBOUND (Off:1 Def:1)",NA,"","","",4,201577,"Robin Lopez",1610612752,"New York","Knicks","NYK",0,0,"",NA,"","","",0,0,"",NA,"","","",628
21500506,17,1,72,1,"3:45 PM","10:28","Lopez 2' Putback Layup (2 PTS)",NA,"","2 - 7","5",4,201577,"Robin Lopez",1610612752,"New York","Knicks","NYK",0,0,"",NA,"","","",0,0,"",NA,"","","",628
21500506,18,5,45,1,"3:45 PM","10:09","",NA,"Teague Out of Bounds - Bad Pass Turnover Turnover (P1.T1)","","",5,201952,"Jeff Teague",1610612737,"Atlanta","Hawks","ATL",0,0,"",NA,"","","",0,0,"",NA,"","","",609
21500506,19,1,42,1,"3:45 PM","9:48","Porzingis 3' Driving Layup (2 PTS) (Lopez 2 AST)",NA,"","2 - 9","7",4,204001,"Kristaps Porzingis",1610612752,"New York","Knicks","NYK",4,201577,"Robin Lopez",1610612752,"New York","Knicks","NYK",0,0,"",NA,"","","",588
21500506,20,5,45,1,"3:46 PM","9:26","",NA,"Bazemore Out of Bounds - Bad Pass Turnover Turnover (P1.T2)","","",5,203145,"Kent Bazemore",1610612737,"Atlanta","Hawks","ATL",0,0,"",NA,"","","",0,0,"",NA,"","","",566
21500506,21,1,1,1,"3:46 PM","9:10","Afflalo 17' Jump Shot (4 PTS)",NA,"","2 - 11","9",4,201167,"Arron Afflalo",1610612752,"New York","Knicks","NYK",0,0,"",NA,"","","",0,0,"",NA,"","","",550
21500506,22,9,1,1,"3:46 PM","9:10","",NA,"Hawks Timeout: Regular (Reg.1 Short 0)","","",3,1610612737,"",NA,"","","",0,0,"",NA,"","","",0,0,"",NA,"","","",550
21500506,26,1,43,1,"3:49 PM","8:59","",NA,"Horford 3' Alley Oop Layup (2 PTS) (Teague 1 AST)","4 - 11","7",5,201143,"Al Horford",1610612737,"Atlanta","Hawks","ATL",5,201952,"Jeff Teague",1610612737,"Atlanta","Hawks","ATL",0,0,"",NA,"","","",539
21500506,27,5,1,1,"3:49 PM","8:44","Lopez Bad Pass Turnover (P1.T1)",NA,"Bazemore STEAL (1 STL)","","",4,201577,"Robin Lopez",1610612752,"New York","Knicks","NYK",5,203145,"Kent Bazemore",1610612737,"Atlanta","Hawks","ATL",0,0,"",NA,"","","",524
21500506,28,1,49,1,"3:49 PM","8:38","",NA,"Bazemore 2' Driving Dunk (2 PTS)","6 - 11","5",5,203145,"Kent Bazemore",1610612737,"Atlanta","Hawks","ATL",0,0,"",NA,"","","",0,0,"",NA,"","","",518
21500506,29,2,1,1,"3:49 PM","8:21","MISS Anthony 15' Jump Shot",NA,"","","",4,2546,"Carmelo Anthony",1610612752,"New York","Knicks","NYK",0,0,"",NA,"","","",0,0,"",NA,"","","",501
21500506,30,4,0,1,"3:50 PM","8:20","KNICKS Rebound",NA,"","","",2,1610612752,"",NA,"","","",0,0,"",NA,"","","",0,0,"",NA,"","","",500
21500506,31,6,3,1,"3:50 PM","8:20","",NA,"Millsap L.B.FOUL (P1.T2) (H.Workman)","","",5,200794,"Paul Millsap",1610612737,"Atlanta","Hawks","ATL",4,2546,"Carmelo Anthony",1610612752,"New York","Knicks","NYK",1,0,"",NA,"","","",500
21500506,32,5,4,1,"3:50 PM","8:12","Anthony Traveling Turnover (P1.T2)",NA,"","","",4,2546,"Carmelo Anthony",1610612752,"New York","Knicks","NYK",0,0,"",NA,"","","",1,0,"",NA,"","","",492
21500506,33,2,1,1,"3:50 PM","8:04","",NA,"MISS Horford 25' 3PT Jump Shot","","",5,201143,"Al Horford",1610612737,"Atlanta","Hawks","ATL",0,0,"",NA,"","","",0,0,"",NA,"","","",484
21500506,34,4,0,1,"3:50 PM","8:03","Porzingis REBOUND (Off:0 Def:1)",NA,"","","",4,204001,"Kristaps Porzingis",1610612752,"New York","Knicks","NYK",0,0,"",NA,"","","",0,0,"",NA,"","","",483
21500506,35,5,2,1,"3:51 PM","7:53","Lopez Lost Ball Turnover (P2.T3)",NA,"Teague STEAL (1 STL)","","",4,201577,"Robin Lopez",1610612752,"New York","Knicks","NYK",5,201952,"Jeff Teague",1610612737,"Atlanta","Hawks","ATL",0,0,"",NA,"","","",473
21500506,36,1,42,1,"3:51 PM","7:49","",NA,"Teague 2' Driving Layup (2 PTS) (Bazemore 1 AST)","8 - 11","3",5,201952,"Jeff Teague",1610612737,"Atlanta","Hawks","ATL",5,203145,"Kent Bazemore",1610612737,"Atlanta","Hawks","ATL",0,0,"",NA,"","","",469
21500506,37,6,2,1,"3:51 PM","7:49","Anthony S.FOUL (P1.T2) (S.Corbin)",NA,"","","",4,2546,"Carmelo Anthony",1610612752,"New York","Knicks","NYK",5,201952,"Jeff Teague",1610612737,"Atlanta","Hawks","ATL",1,0,"",NA,"","","",469
21500506,38,3,10,1,"3:51 PM","7:49","",NA,"Teague Free Throw 1 of 1 (3 PTS)","9 - 11","2",5,201952,"Jeff Teague",1610612737,"Atlanta","Hawks","ATL",0,0,"",NA,"","","",0,0,"",NA,"","","",469
21500506,40,1,79,1,"3:51 PM","7:38","Calderon 16' Pullup Jump Shot (5 PTS) (Anthony 1 AST)",NA,"","9 - 13","4",4,101181,"Jose Calderon",1610612752,"New York","Knicks","NYK",4,2546,"Carmelo Anthony",1610612752,"New York","Knicks","NYK",0,0,"",NA,"","","",458
21500506,41,2,1,1,"3:52 PM","7:24","",NA,"MISS Millsap 25' 3PT Jump Shot","","",5,200794,"Paul Millsap",1610612737,"Atlanta","Hawks","ATL",0,0,"",NA,"","","",0,0,"",NA,"","","",444
21500506,42,4,0,1,"3:52 PM","7:23","Lopez REBOUND (Off:1 Def:2)",NA,"","","",4,201577,"Robin Lopez",1610612752,"New York","Knicks","NYK",0,0,"",NA,"","","",0,0,"",NA,"","","",443
21500506,43,2,1,1,"3:52 PM","7:02","MISS Anthony 17' Jump Shot",NA,"","","",4,2546,"Carmelo Anthony",1610612752,"New York","Knicks","NYK",0,0,"",NA,"","","",0,0,"",NA,"","","",422
21500506,44,4,0,1,"3:52 PM","7:01","",NA,"Millsap REBOUND (Off:0 Def:1)","","",5,200794,"Paul Millsap",1610612737,"Atlanta","Hawks","ATL",0,0,"",NA,"","","",0,0,"",NA,"","","",421
21500506,45,1,5,1,"3:52 PM","6:51","",NA,"Horford 3' Layup (4 PTS)","11 - 13","2",5,201143,"Al Horford",1610612737,"Atlanta","Hawks","ATL",0,0,"",NA,"","","",0,0,"",NA,"","","",411
21500506,46,1,1,1,"3:52 PM","6:32","Calderon 16' Jump Shot (7 PTS) (Lopez 3 AST)",NA,"","11 - 15","4",4,101181,"Jose Calderon",1610612752,"New York","Knicks","NYK",4,201577,"Robin Lopez",1610612752,"New York","Knicks","NYK",0,0,"",NA,"","","",392
21500506,47,2,42,1,"3:53 PM","6:22","Calderon BLOCK (1 BLK)",NA,"MISS Teague 3' Driving Layup","","",5,201952,"Jeff Teague",1610612737,"Atlanta","Hawks","ATL",0,0,"",NA,"","","",4,101181,"Jose Calderon",1610612752,"New York","Knicks","NYK",382
21500506,48,4,0,1,"3:53 PM","6:21","",NA,"Hawks Rebound","","",3,1610612737,"",NA,"","","",0,0,"",NA,"","","",0,0,"",NA,"","","",381
21500506,49,8,0,1,"3:53 PM","6:21","",NA,"SUB: Sefolosha FOR Korver","","",5,2594,"Kyle Korver",1610612737,"Atlanta","Hawks","ATL",5,200757,"Thabo Sefolosha",1610612737,"Atlanta","Hawks","ATL",0,0,"",NA,"","","",381
21500506,50,8,0,1,"3:53 PM","6:21","",NA,"SUB: Tavares FOR Horford","","",5,201143,"Al Horford",1610612737,"Atlanta","Hawks","ATL",5,204002,"Edy Tavares",1610612737,"Atlanta","Hawks","ATL",0,0,"",NA,"","","",381
21500506,51,1,1,1,"3:53 PM","6:12","",NA,"Millsap 15' Jump Shot (4 PTS) (Sefolosha 1 AST)","13 - 15","2",5,200794,"Paul Millsap",1610612737,"Atlanta","Hawks","ATL",5,200757,"Thabo Sefolosha",1610612737,"Atlanta","Hawks","ATL",0,0,"",NA,"","","",372
21500506,52,9,1,1,"3:53 PM","6:10","KNICKS Timeout: Regular (Full 1 Short 0)",NA,"","","",2,1610612752,"",NA,"","","",0,0,"",NA,"","","",0,0,"",NA,"","","",370
21500506,54,8,0,1,"3:55 PM","6:10","SUB: Thomas FOR Porzingis",NA,"","","",4,204001,"Kristaps Porzingis",1610612752,"New York","Knicks","NYK",4,202498,"Lance Thomas",1610612752,"New York","Knicks","NYK",0,0,"",NA,"","","",370
21500506,56,5,1,1,"3:56 PM","5:54","Lopez Bad Pass Turnover (P3.T4)",NA,"Millsap STEAL (1 STL)","","",4,201577,"Robin Lopez",1610612752,"New York","Knicks","NYK",5,200794,"Paul Millsap",1610612737,"Atlanta","Hawks","ATL",0,0,"",NA,"","","",354
21500506,57,5,8,1,"3:56 PM","5:33","",NA,"Tavares 3 Second Violation Turnover (P1.T3)","","",5,204002,"Edy Tavares",1610612737,"Atlanta","Hawks","ATL",0,0,"",NA,"","","",1,0,"",NA,"","","",333
21500506,58,1,57,1,"3:57 PM","5:07","Lopez 5' Driving Hook Shot (4 PTS)",NA,"","13 - 17","4",4,201577,"Robin Lopez",1610612752,"New York","Knicks","NYK",0,0,"",NA,"","","",0,0,"",NA,"","","",307
21500506,59,2,1,1,"3:57 PM","4:52","",NA,"MISS Millsap 19' Jump Shot","","",5,200794,"Paul Millsap",1610612737,"Atlanta","Hawks","ATL",0,0,"",NA,"","","",0,0,"",NA,"","","",292
21500506,60,4,0,1,"3:57 PM","4:51","Lopez REBOUND (Off:1 Def:3)",NA,"","","",4,201577,"Robin Lopez",1610612752,"New York","Knicks","NYK",0,0,"",NA,"","","",0,0,"",NA,"","","",291
21500506,61,2,42,1,"3:58 PM","4:41","MISS Lopez 3' Driving Layup",NA,"Tavares BLOCK (1 BLK)","","",4,201577,"Robin Lopez",1610612752,"New York","Knicks","NYK",0,0,"",NA,"","","",5,204002,"Edy Tavares",1610612737,"Atlanta","Hawks","ATL",281
21500506,62,4,0,1,"3:58 PM","4:40","",NA,"Sefolosha REBOUND (Off:0 Def:1)","","",5,200757,"Thabo Sefolosha",1610612737,"Atlanta","Hawks","ATL",0,0,"",NA,"","","",0,0,"",NA,"","","",280
21500506,63,2,42,1,"3:58 PM","4:27","",NA,"MISS Bazemore 2' Driving Layup","","",5,203145,"Kent Bazemore",1610612737,"Atlanta","Hawks","ATL",0,0,"",NA,"","","",0,0,"",NA,"","","",267
21500506,64,4,0,1,"3:58 PM","4:26","Afflalo REBOUND (Off:0 Def:1)",NA,"","","",4,201167,"Arron Afflalo",1610612752,"New York","Knicks","NYK",0,0,"",NA,"","","",0,0,"",NA,"","","",266
21500506,65,2,1,1,"3:58 PM","4:17","MISS Thomas 24' 3PT Jump Shot",NA,"","","",4,202498,"Lance Thomas",1610612752,"New York","Knicks","NYK",0,0,"",NA,"","","",0,0,"",NA,"","","",257
21500506,66,4,0,1,"3:58 PM","4:16","",NA,"Sefolosha REBOUND (Off:0 Def:2)","","",5,200757,"Thabo Sefolosha",1610612737,"Atlanta","Hawks","ATL",0,0,"",NA,"","","",0,0,"",NA,"","","",256
21500506,67,2,48,1,"3:58 PM","4:01","Lopez BLOCK (1 BLK)",NA,"MISS Tavares  Dunk","","",5,204002,"Edy Tavares",1610612737,"Atlanta","Hawks","ATL",0,0,"",NA,"","","",4,201577,"Robin Lopez",1610612752,"New York","Knicks","NYK",241
21500506,68,4,0,1,"3:58 PM","4:00","Calderon REBOUND (Off:0 Def:1)",NA,"","","",4,101181,"Jose Calderon",1610612752,"New York","Knicks","NYK",0,0,"",NA,"","","",0,0,"",NA,"","","",240
21500506,69,5,1,1,"3:58 PM","3:56","Calderon Bad Pass Turnover (P1.T5)",NA,"Millsap STEAL (2 STL)","","",4,101181,"Jose Calderon",1610612752,"New York","Knicks","NYK",5,200794,"Paul Millsap",1610612737,"Atlanta","Hawks","ATL",0,0,"",NA,"","","",236
21500506,70,1,42,1,"3:58 PM","3:50","",NA,"Sefolosha 2' Driving Layup (2 PTS) (Millsap 1 AST)","15 - 17","2",5,200757,"Thabo Sefolosha",1610612737,"Atlanta","Hawks","ATL",5,200794,"Paul Millsap",1610612737,"Atlanta","Hawks","ATL",0,0,"",NA,"","","",230
21500506,71,5,2,1,"3:59 PM","3:37","Lopez Lost Ball Turnover (P4.T6)",NA,"Millsap STEAL (3 STL)","","",4,201577,"Robin Lopez",1610612752,"New York","Knicks","NYK",5,200794,"Paul Millsap",1610612737,"Atlanta","Hawks","ATL",0,0,"",NA,"","","",217
21500506,72,2,42,1,"3:59 PM","3:33","Afflalo BLOCK (1 BLK)",NA,"MISS Bazemore 3' Driving Layup","","",5,203145,"Kent Bazemore",1610612737,"Atlanta","Hawks","ATL",0,0,"",NA,"","","",4,201167,"Arron Afflalo",1610612752,"New York","Knicks","NYK",213
21500506,73,4,0,1,"3:59 PM","3:32","",NA,"Hawks Rebound","","",3,1610612737,"",NA,"","","",0,0,"",NA,"","","",0,0,"",NA,"","","",212
21500506,74,8,0,1,"3:59 PM","3:32","SUB: Galloway FOR Calderon",NA,"","","",4,101181,"Jose Calderon",1610612752,"New York","Knicks","NYK",4,204038,"Langston Galloway",1610612752,"New York","Knicks","NYK",0,0,"",NA,"","","",212
21500506,75,8,0,1,"3:59 PM","3:32","",NA,"SUB: Mack FOR Teague","","",5,201952,"Jeff Teague",1610612737,"Atlanta","Hawks","ATL",5,202714,"Shelvin Mack",1610612737,"Atlanta","Hawks","ATL",0,0,"",NA,"","","",212
21500506,76,1,1,1,"3:59 PM","3:19","",NA,"Bazemore 25' 3PT Jump Shot (5 PTS) (Mack 1 AST)","18 - 17","-1",5,203145,"Kent Bazemore",1610612737,"Atlanta","Hawks","ATL",5,202714,"Shelvin Mack",1610612737,"Atlanta","Hawks","ATL",0,0,"",NA,"","","",199
21500506,77,2,42,1,"4:00 PM","3:05","MISS Anthony 3' Driving Layup",NA,"","","",4,2546,"Carmelo Anthony",1610612752,"New York","Knicks","NYK",0,0,"",NA,"","","",0,0,"",NA,"","","",185
21500506,78,4,0,1,"4:00 PM","3:04","Anthony REBOUND (Off:2 Def:1)",NA,"","","",4,2546,"Carmelo Anthony",1610612752,"New York","Knicks","NYK",0,0,"",NA,"","","",0,0,"",NA,"","","",184
21500506,79,6,2,1,"4:00 PM","3:03","",NA,"Bazemore S.FOUL (P1.T3) (H.Workman)","","",5,203145,"Kent Bazemore",1610612737,"Atlanta","Hawks","ATL",4,2546,"Carmelo Anthony",1610612752,"New York","Knicks","NYK",1,0,"",NA,"","","",183
21500506,80,3,11,1,"4:00 PM","3:03","MISS Anthony Free Throw 1 of 2",NA,"","","",4,2546,"Carmelo Anthony",1610612752,"New York","Knicks","NYK",0,0,"",NA,"","","",0,0,"",NA,"","","",183
21500506,81,4,1,1,"4:00 PM","3:03","KNICKS Rebound",NA,"","","",2,1610612752,"",NA,"","","",0,0,"",NA,"","","",0,0,"",NA,"","","",183
21500506,82,3,12,1,"4:00 PM","3:03","Anthony Free Throw 2 of 2 (1 PTS)",NA,"","18 - 18","TIE",4,2546,"Carmelo Anthony",1610612752,"New York","Knicks","NYK",0,0,"",NA,"","","",0,0,"",NA,"","","",183
21500506,84,2,1,1,"4:01 PM","2:45","",NA,"MISS Mack 26' 3PT Jump Shot","","",5,202714,"Shelvin Mack",1610612737,"Atlanta","Hawks","ATL",0,0,"",NA,"","","",0,0,"",NA,"","","",165
21500506,85,4,0,1,"4:01 PM","2:44","Anthony REBOUND (Off:2 Def:2)",NA,"","","",4,2546,"Carmelo Anthony",1610612752,"New York","Knicks","NYK",0,0,"",NA,"","","",0,0,"",NA,"","","",164
21500506,86,1,82,1,"4:01 PM","2:37","Afflalo 5' Driving Bank Shot (6 PTS)",NA,"","18 - 20","2",4,201167,"Arron Afflalo",1610612752,"New York","Knicks","NYK",0,0,"",NA,"","","",0,0,"",NA,"","","",157
21500506,87,5,1,1,"4:01 PM","2:26","Anthony STEAL (1 STL)",NA,"Mack Bad Pass Turnover (P1.T4)","","",5,202714,"Shelvin Mack",1610612737,"Atlanta","Hawks","ATL",4,2546,"Carmelo Anthony",1610612752,"New York","Knicks","NYK",0,0,"",NA,"","","",146
21500506,88,1,42,1,"4:01 PM","2:22","Afflalo 2' Driving Layup (8 PTS) (Anthony 2 AST)",NA,"","18 - 22","4",4,201167,"Arron Afflalo",1610612752,"New York","Knicks","NYK",4,2546,"Carmelo Anthony",1610612752,"New York","Knicks","NYK",0,0,"",NA,"","","",142
21500506,89,2,1,1,"4:01 PM","2:03","",NA,"MISS Sefolosha 18' Jump Shot","","",5,200757,"Thabo Sefolosha",1610612737,"Atlanta","Hawks","ATL",0,0,"",NA,"","","",0,0,"",NA,"","","",123
21500506,90,4,0,1,"4:01 PM","2:02","Galloway REBOUND (Off:0 Def:1)",NA,"","","",4,204038,"Langston Galloway",1610612752,"New York","Knicks","NYK",0,0,"",NA,"","","",0,0,"",NA,"","","",122
21500506,91,2,1,1,"4:02 PM","1:45","MISS Thomas 20' Jump Shot",NA,"","","",4,202498,"Lance Thomas",1610612752,"New York","Knicks","NYK",0,0,"",NA,"","","",0,0,"",NA,"","","",105
21500506,92,4,0,1,"4:02 PM","1:44","Lopez REBOUND (Off:2 Def:3)",NA,"","","",4,201577,"Robin Lopez",1610612752,"New York","Knicks","NYK",0,0,"",NA,"","","",0,0,"",NA,"","","",104
21500506,93,2,1,1,"4:02 PM","1:40","MISS Galloway 25' 3PT Jump Shot",NA,"","","",4,204038,"Langston Galloway",1610612752,"New York","Knicks","NYK",0,0,"",NA,"","","",0,0,"",NA,"","","",100
21500506,94,4,0,1,"4:02 PM","1:39","",NA,"Millsap REBOUND (Off:0 Def:2)","","",5,200794,"Paul Millsap",1610612737,"Atlanta","Hawks","ATL",0,0,"",NA,"","","",0,0,"",NA,"","","",99
21500506,95,6,2,1,"4:02 PM","1:25","Galloway S.FOUL (P1.T3) (S.Foster)",NA,"","","",4,204038,"Langston Galloway",1610612752,"New York","Knicks","NYK",5,200794,"Paul Millsap",1610612737,"Atlanta","Hawks","ATL",1,0,"",NA,"","","",85
21500506,96,3,11,1,"4:02 PM","1:25","",NA,"MISS Millsap Free Throw 1 of 2","","",5,200794,"Paul Millsap",1610612737,"Atlanta","Hawks","ATL",0,0,"",NA,"","","",0,0,"",NA,"","","",85
21500506,97,4,1,1,"4:02 PM","1:25","",NA,"Hawks Rebound","","",3,1610612737,"",NA,"","","",0,0,"",NA,"","","",0,0,"",NA,"","","",85
21500506,98,8,0,1,"4:03 PM","1:25","",NA,"SUB: Horford FOR Tavares","","",5,204002,"Edy Tavares",1610612737,"Atlanta","Hawks","ATL",5,201143,"Al Horford",1610612737,"Atlanta","Hawks","ATL",0,0,"",NA,"","","",85
21500506,102,8,0,1,"4:03 PM","1:25","",NA,"SUB: Korver FOR Bazemore","","",5,203145,"Kent Bazemore",1610612737,"Atlanta","Hawks","ATL",5,2594,"Kyle Korver",1610612737,"Atlanta","Hawks","ATL",0,0,"",NA,"","","",85
21500506,99,8,0,1,"4:03 PM","1:25","SUB: Porzingis FOR Lopez",NA,"","","",4,201577,"Robin Lopez",1610612752,"New York","Knicks","NYK",4,204001,"Kristaps Porzingis",1610612752,"New York","Knicks","NYK",0,0,"",NA,"","","",85
21500506,100,3,12,1,"4:03 PM","1:25","",NA,"Millsap Free Throw 2 of 2 (5 PTS)","19 - 22","3",5,200794,"Paul Millsap",1610612737,"Atlanta","Hawks","ATL",0,0,"",NA,"","","",0,0,"",NA,"","","",85
21500506,104,6,1,1,"4:03 PM","1:17","",NA,"Mack P.FOUL (P1.T4) (H.Workman)","","",5,202714,"Shelvin Mack",1610612737,"Atlanta","Hawks","ATL",4,204038,"Langston Galloway",1610612752,"New York","Knicks","NYK",1,0,"",NA,"","","",77
21500506,105,8,0,1,"4:03 PM","1:17","SUB: Grant FOR Afflalo",NA,"","","",4,201167,"Arron Afflalo",1610612752,"New York","Knicks","NYK",4,1626170,"Jerian Grant",1610612752,"New York","Knicks","NYK",0,0,"",NA,"","","",77
21500506,411,8,0,1,"4:30 PM","1:17","",NA,"SUB: Scott FOR Millsap","","",5,200794,"Paul Millsap",1610612737,"Atlanta","Hawks","ATL",5,203118,"Mike Scott",1610612737,"Atlanta","Hawks","ATL",0,0,"",NA,"","","",77
21500506,409,2,46,1,"4:30 PM","1:06","MISS Thomas 6' Running Jump Shot",NA,"Horford BLOCK (1 BLK)","","",4,202498,"Lance Thomas",1610612752,"New York","Knicks","NYK",0,0,"",NA,"","","",5,201143,"Al Horford",1610612737,"Atlanta","Hawks","ATL",66
21500506,408,4,0,1,"4:30 PM","1:05","KNICKS Rebound",NA,"","","",2,1610612752,"",NA,"","","",0,0,"",NA,"","","",0,0,"",NA,"","","",65
21500506,407,2,63,1,"4:30 PM","1:03","MISS Grant 11' Fadeaway Jumper",NA,"","","",4,1626170,"Jerian Grant",1610612752,"New York","Knicks","NYK",0,0,"",NA,"","","",0,0,"",NA,"","","",63
21500506,406,4,0,1,"4:30 PM","0:59","",NA,"Hawks Rebound","","",3,1610612737,"",NA,"","","",0,0,"",NA,"","","",0,0,"",NA,"","","",59
21500506,467,2,42,1,"4:30 PM","0:37","",NA,"MISS Scott 3' Driving Layup","","",5,203118,"Mike Scott",1610612737,"Atlanta","Hawks","ATL",0,0,"",NA,"","","",0,0,"",NA,"","","",37
21500506,466,4,0,1,"4:30 PM","0:36","",NA,"Hawks Rebound","","",3,1610612737,"",NA,"","","",0,0,"",NA,"","","",0,0,"",NA,"","","",36
21500506,405,5,4,1,"4:30 PM","0:36","",NA,"Scott Traveling Turnover (P1.T5)","","",5,203118,"Mike Scott",1610612737,"Atlanta","Hawks","ATL",0,0,"",NA,"","","",1,0,"",NA,"","","",36
21500506,404,2,45,1,"4:30 PM","0:25","MISS Grant 26' 3PT Jump Shot",NA,"","","",4,1626170,"Jerian Grant",1610612752,"New York","Knicks","NYK",0,0,"",NA,"","","",0,0,"",NA,"","","",25
21500506,403,4,0,1,"4:30 PM","0:23","Porzingis REBOUND (Off:1 Def:1)",NA,"","","",4,204001,"Kristaps Porzingis",1610612752,"New York","Knicks","NYK",0,0,"",NA,"","","",0,0,"",NA,"","","",23
21500506,402,5,1,1,"4:30 PM","0:20","Porzingis Bad Pass Turnover (P1.T7)",NA,"Sefolosha STEAL (1 STL)","","",4,204001,"Kristaps Porzingis",1610612752,"New York","Knicks","NYK",5,200757,"Thabo Sefolosha",1610612737,"Atlanta","Hawks","ATL",0,0,"",NA,"","","",20
21500506,401,1,102,1,"4:30 PM","0:03","",NA,"Mack 6' Driving Floating Bank Jump Shot (2 PTS)","21 - 22","1",5,202714,"Shelvin Mack",1610612737,"Atlanta","Hawks","ATL",0,0,"",NA,"","","",0,0,"",NA,"","","",3
21500506,400,2,45,1,"4:30 PM","0:01","MISS Anthony 26' 3PT Jump Shot",NA,"","","",4,2546,"Carmelo Anthony",1610612752,"New York","Knicks","NYK",0,0,"",NA,"","","",0,0,"",NA,"","","",1
21500506,399,4,0,1,"4:30 PM","0:00","KNICKS Rebound",NA,"","","",2,1610612752,"",NA,"","","",0,0,"",NA,"","","",0,0,"",NA,"","","",0
21500506,112,13,0,1,"4:30 PM","0:00","",NA,"","21 - 22","1",0,0,"",NA,"","","",0,0,"",NA,"","","",0,0,"",NA,"","","",0
21500506,113,12,0,2,"4:31 PM","12:00","",NA,"","21 - 22","1",0,0,"",NA,"","","",0,0,"",NA,"","","",0,0,"",NA,"","","",720
21500506,454,2,45,2,"4:31 PM","11:37","",NA,"MISS Mack 10' Jump Shot","","",5,202714,"Shelvin Mack",1610612737,"Atlanta","Hawks","ATL",0,0,"",NA,"","","",0,0,"",NA,"","","",697
21500506,453,4,0,2,"4:31 PM","11:36","Williams REBOUND (Off:0 Def:1)",NA,"","","",4,202682,"Derrick Williams",1610612752,"New York","Knicks","NYK",0,0,"",NA,"","","",0,0,"",NA,"","","",696
21500506,452,1,42,2,"4:31 PM","11:28","Porzingis 3' Driving Layup (4 PTS) (Williams 1 AST)",NA,"","21 - 24","3",4,204001,"Kristaps Porzingis",1610612752,"New York","Knicks","NYK",4,202682,"Derrick Williams",1610612752,"New York","Knicks","NYK",0,0,"",NA,"","","",688
21500506,451,2,42,2,"4:31 PM","11:15","",NA,"MISS Korver 3' Driving Layup","","",5,2594,"Kyle Korver",1610612737,"Atlanta","Hawks","ATL",0,0,"",NA,"","","",0,0,"",NA,"","","",675
21500506,450,4,0,2,"4:31 PM","11:12","",NA,"Hawks Rebound","","",3,1610612737,"",NA,"","","",0,0,"",NA,"","","",0,0,"",NA,"","","",672
21500506,449,1,45,2,"4:31 PM","11:07","",NA,"Korver 17' Jump Shot (2 PTS) (Mack 2 AST)","23 - 24","1",5,2594,"Kyle Korver",1610612737,"Atlanta","Hawks","ATL",5,202714,"Shelvin Mack",1610612737,"Atlanta","Hawks","ATL",0,0,"",NA,"","","",667
21500506,448,1,45,2,"4:31 PM","10:40","Porzingis 26' 3PT Jump Shot (7 PTS) (Grant 1 AST)",NA,"","23 - 27","4",4,204001,"Kristaps Porzingis",1610612752,"New York","Knicks","NYK",4,1626170,"Jerian Grant",1610612752,"New York","Knicks","NYK",0,0,"",NA,"","","",640
21500506,447,6,1,2,"4:31 PM","10:29","Thomas P.FOUL (P1.T1) (S.Foster)",NA,"","","",4,202498,"Lance Thomas",1610612752,"New York","Knicks","NYK",5,2594,"Kyle Korver",1610612737,"Atlanta","Hawks","ATL",1,0,"",NA,"","","",629
21500506,446,2,55,2,"4:31 PM","10:20","",NA,"MISS Scott 5' Hook Shot","","",5,203118,"Mike Scott",1610612737,"Atlanta","Hawks","ATL",0,0,"",NA,"","","",0,0,"",NA,"","","",620
21500506,445,4,0,2,"4:31 PM","10:19","Williams REBOUND (Off:0 Def:2)",NA,"","","",4,202682,"Derrick Williams",1610612752,"New York","Knicks","NYK",0,0,"",NA,"","","",0,0,"",NA,"","","",619
21500506,444,10,0,2,"4:31 PM","10:02","Jump Ball Porzingis vs. Patterson: Tip to Galloway",NA,"","","",4,204001,"Kristaps Porzingis",1610612752,"New York","Knicks","NYK",5,203934,"Lamar Patterson",1610612737,"Atlanta","Hawks","ATL",4,204038,"Langston Galloway",1610612752,"New York","Knicks","NYK",602
21500506,443,1,45,2,"4:31 PM","9:57","Galloway 10' Jump Shot (2 PTS)",NA,"","23 - 29","6",4,204038,"Langston Galloway",1610612752,"New York","Knicks","NYK",0,0,"",NA,"","","",0,0,"",NA,"","","",597
21500506,442,2,45,2,"4:31 PM","9:44","",NA,"MISS Horford 10' Jump Shot","","",5,201143,"Al Horford",1610612737,"Atlanta","Hawks","ATL",0,0,"",NA,"","","",0,0,"",NA,"","","",584
21500506,441,4,0,2,"4:31 PM","9:43","Galloway REBOUND (Off:0 Def:2)",NA,"","","",4,204038,"Langston Galloway",1610612752,"New York","Knicks","NYK",0,0,"",NA,"","","",0,0,"",NA,"","","",583
21500506,440,5,1,2,"4:31 PM","9:27","Thomas Bad Pass Turnover (P1.T8)",NA,"Korver STEAL (1 STL)","","",4,202498,"Lance Thomas",1610612752,"New York","Knicks","NYK",5,2594,"Kyle Korver",1610612737,"Atlanta","Hawks","ATL",0,0,"",NA,"","","",567
21500506,439,5,45,2,"4:31 PM","9:26","",NA,"Korver Out of Bounds - Bad Pass Turnover Turnover (P1.T6)","","",5,2594,"Kyle Korver",1610612737,"Atlanta","Hawks","ATL",0,0,"",NA,"","","",0,0,"",NA,"","","",566
21500506,438,2,45,2,"4:31 PM","9:16","MISS Williams 27' 3PT Jump Shot",NA,"","","",4,202682,"Derrick Williams",1610612752,"New York","Knicks","NYK",0,0,"",NA,"","","",0,0,"",NA,"","","",556
21500506,437,4,0,2,"4:31 PM","9:15","",NA,"Scott REBOUND (Off:0 Def:1)","","",5,203118,"Mike Scott",1610612737,"Atlanta","Hawks","ATL",0,0,"",NA,"","","",0,0,"",NA,"","","",555
21500506,436,6,2,2,"4:31 PM","9:05","Thomas S.FOUL (P2.T2) (S.Foster)",NA,"","","",4,202498,"Lance Thomas",1610612752,"New York","Knicks","NYK",5,201143,"Al Horford",1610612737,"Atlanta","Hawks","ATL",1,0,"",NA,"","","",545
21500506,435,3,11,2,"4:31 PM","9:05","",NA,"Horford Free Throw 1 of 2 (5 PTS)","24 - 29","5",5,201143,"Al Horford",1610612737,"Atlanta","Hawks","ATL",0,0,"",NA,"","","",0,0,"",NA,"","","",545
21500506,434,3,12,2,"4:31 PM","9:05","",NA,"Horford Free Throw 2 of 2 (6 PTS)","25 - 29","4",5,201143,"Al Horford",1610612737,"Atlanta","Hawks","ATL",0,0,"",NA,"","","",0,0,"",NA,"","","",545
21500506,433,2,45,2,"4:31 PM","8:42","MISS Galloway 27' 3PT Jump Shot",NA,"","","",4,204038,"Langston Galloway",1610612752,"New York","Knicks","NYK",0,0,"",NA,"","","",0,0,"",NA,"","","",522
21500506,432,4,0,2,"4:31 PM","8:41","",NA,"Korver REBOUND (Off:0 Def:1)","","",5,2594,"Kyle Korver",1610612737,"Atlanta","Hawks","ATL",0,0,"",NA,"","","",0,0,"",NA,"","","",521
21500506,431,2,45,2,"4:31 PM","8:32","",NA,"MISS Scott 16' Jump Shot","","",5,203118,"Mike Scott",1610612737,"Atlanta","Hawks","ATL",0,0,"",NA,"","","",0,0,"",NA,"","","",512
21500506,430,4,0,2,"4:31 PM","8:31","Grant REBOUND (Off:0 Def:1)",NA,"","","",4,1626170,"Jerian Grant",1610612752,"New York","Knicks","NYK",0,0,"",NA,"","","",0,0,"",NA,"","","",511
21500506,429,1,42,2,"4:31 PM","8:26","Grant 3' Driving Layup (2 PTS)",NA,"","25 - 31","6",4,1626170,"Jerian Grant",1610612752,"New York","Knicks","NYK",0,0,"",NA,"","","",0,0,"",NA,"","","",506
21500506,428,2,45,2,"4:31 PM","8:13","",NA,"MISS Mack 16' Jump Shot","","",5,202714,"Shelvin Mack",1610612737,"Atlanta","Hawks","ATL",0,0,"",NA,"","","",0,0,"",NA,"","","",493
21500506,427,4,0,2,"4:31 PM","8:12","Williams REBOUND (Off:0 Def:3)",NA,"","","",4,202682,"Derrick Williams",1610612752,"New York","Knicks","NYK",0,0,"",NA,"","","",0,0,"",NA,"","","",492
21500506,426,1,42,2,"4:31 PM","8:07","Williams 2' Driving Layup (2 PTS)",NA,"","25 - 33","8",4,202682,"Derrick Williams",1610612752,"New York","Knicks","NYK",0,0,"",NA,"","","",0,0,"",NA,"","","",487
21500506,425,9,1,2,"4:31 PM","8:05","",NA,"Hawks Timeout: Regular (Reg.2 Short 0)","","",3,1610612737,"",NA,"","","",0,0,"",NA,"","","",0,0,"",NA,"","","",485
21500506,531,8,0,2,"4:31 PM","8:05","",NA,"SUB: Teague FOR Mack","","",5,202714,"Shelvin Mack",1610612737,"Atlanta","Hawks","ATL",5,201952,"Jeff Teague",1610612737,"Atlanta","Hawks","ATL",0,0,"",NA,"","","",485
21500506,532,8,0,2,"4:31 PM","8:05","SUB: Afflalo FOR Thomas",NA,"","","",4,202498,"Lance Thomas",1610612752,"New York","Knicks","NYK",4,201167,"Arron Afflalo",1610612752,"New York","Knicks","NYK",0,0,"",NA,"","","",485
21500506,386,2,45,2,"4:32 PM","7:54","",NA,"MISS Korver 22' Jump Shot","","",5,2594,"Kyle Korver",1610612737,"Atlanta","Hawks","ATL",0,0,"",NA,"","","",0,0,"",NA,"","","",474
21500506,385,4,0,2,"4:32 PM","7:53","Williams REBOUND (Off:0 Def:4)",NA,"","","",4,202682,"Derrick Williams",1610612752,"New York","Knicks","NYK",0,0,"",NA,"","","",0,0,"",NA,"","","",473
21500506,384,2,45,2,"4:35 PM","7:31","MISS Galloway 21' Jump Shot",NA,"","","",4,204038,"Langston Galloway",1610612752,"New York","Knicks","NYK",0,0,"",NA,"","","",0,0,"",NA,"","","",451
21500506,383,4,0,2,"4:36 PM","7:30","",NA,"Korver REBOUND (Off:0 Def:2)","","",5,2594,"Kyle Korver",1610612737,"Atlanta","Hawks","ATL",0,0,"",NA,"","","",0,0,"",NA,"","","",450
21500506,382,1,45,2,"4:37 PM","7:23","",NA,"Horford 27' 3PT Jump Shot (9 PTS) (Teague 2 AST)","28 - 33","5",5,201143,"Al Horford",1610612737,"Atlanta","Hawks","ATL",5,201952,"Jeff Teague",1610612737,"Atlanta","Hawks","ATL",0,0,"",NA,"","","",443
21500506,381,6,2,2,"4:38 PM","7:10","",NA,"Horford S.FOUL (P1.T1) (S.Corbin)","","",5,201143,"Al Horford",1610612737,"Atlanta","Hawks","ATL",4,204001,"Kristaps Porzingis",1610612752,"New York","Knicks","NYK",1,0,"",NA,"","","",430
21500506,380,3,11,2,"4:38 PM","7:10","Porzingis Free Throw 1 of 2 (8 PTS)",NA,"","28 - 34","6",4,204001,"Kristaps Porzingis",1610612752,"New York","Knicks","NYK",0,0,"",NA,"","","",0,0,"",NA,"","","",430
21500506,534,8,0,2,"4:42 PM","7:10","",NA,"SUB: Millsap FOR Scott","","",5,203118,"Mike Scott",1610612737,"Atlanta","Hawks","ATL",5,200794,"Paul Millsap",1610612737,"Atlanta","Hawks","ATL",0,0,"",NA,"","","",430
21500506,379,8,0,2,"4:42 PM","7:10","SUB: Anthony FOR Galloway",NA,"","","",4,204038,"Langston Galloway",1610612752,"New York","Knicks","NYK",4,2546,"Carmelo Anthony",1610612752,"New York","Knicks","NYK",0,0,"",NA,"","","",430
21500506,378,3,12,2,"4:42 PM","7:10","Porzingis Free Throw 2 of 2 (9 PTS)",NA,"","28 - 35","7",4,204001,"Kristaps Porzingis",1610612752,"New York","Knicks","NYK",0,0,"",NA,"","","",0,0,"",NA,"","","",430
21500506,377,2,45,2,"4:42 PM","7:02","",NA,"MISS Horford 26' 3PT Jump Shot","","",5,201143,"Al Horford",1610612737,"Atlanta","Hawks","ATL",0,0,"",NA,"","","",0,0,"",NA,"","","",422
21500506,376,4,0,2,"4:42 PM","7:01","Grant REBOUND (Off:0 Def:2)",NA,"","","",4,1626170,"Jerian Grant",1610612752,"New York","Knicks","NYK",0,0,"",NA,"","","",0,0,"",NA,"","","",421
21500506,375,1,42,2,"4:42 PM","6:53","Grant 3' Driving Layup (4 PTS)",NA,"","28 - 37","9",4,1626170,"Jerian Grant",1610612752,"New York","Knicks","NYK",0,0,"",NA,"","","",0,0,"",NA,"","","",413
21500506,374,1,42,2,"4:42 PM","6:38","",NA,"Teague 3' Driving Layup (5 PTS)","30 - 37","7",5,201952,"Jeff Teague",1610612737,"Atlanta","Hawks","ATL",0,0,"",NA,"","","",0,0,"",NA,"","","",398
21500506,373,1,45,2,"4:42 PM","6:30","Anthony 6' Jump Shot (3 PTS) (Afflalo 1 AST)",NA,"","30 - 39","9",4,2546,"Carmelo Anthony",1610612752,"New York","Knicks","NYK",4,201167,"Arron Afflalo",1610612752,"New York","Knicks","NYK",0,0,"",NA,"","","",390
21500506,372,1,42,2,"4:42 PM","6:15","",NA,"Teague 3' Driving Layup (7 PTS)","32 - 39","7",5,201952,"Jeff Teague",1610612737,"Atlanta","Hawks","ATL",0,0,"",NA,"","","",0,0,"",NA,"","","",375
21500506,371,1,45,2,"4:42 PM","6:01","Porzingis 26' 3PT Jump Shot (12 PTS) (Grant 2 AST)",NA,"","32 - 42","10",4,204001,"Kristaps Porzingis",1610612752,"New York","Knicks","NYK",4,1626170,"Jerian Grant",1610612752,"New York","Knicks","NYK",0,0,"",NA,"","","",361
21500506,370,5,41,2,"4:42 PM","5:48","Anthony STEAL (2 STL)",NA,"Horford Poss Lost Ball Turnover (P1.T7)","","",5,201143,"Al Horford",1610612737,"Atlanta","Hawks","ATL",4,2546,"Carmelo Anthony",1610612752,"New York","Knicks","NYK",0,0,"",NA,"","","",348
21500506,369,2,48,2,"4:42 PM","5:37","MISS Porzingis  Dunk",NA,"","","",4,204001,"Kristaps Porzingis",1610612752,"New York","Knicks","NYK",0,0,"",NA,"","","",0,0,"",NA,"","","",337
21500506,526,4,0,2,"4:52 PM","5:36","",NA,"Hawks Rebound","","",3,1610612737,"",NA,"","","",0,0,"",NA,"","","",0,0,"",NA,"","","",336
21500506,367,9,4,2,"4:52 PM","5:36","",NA,"","","",1,0,"",NA,"","","",0,0,"",NA,"","","",0,0,"",NA,"","","",336
21500506,368,6,3,2,"4:52 PM","5:36","Williams L.B.FOUL (P1.T3) (S.Corbin)",NA,"","","",4,202682,"Derrick Williams",1610612752,"New York","Knicks","NYK",5,200794,"Paul Millsap",1610612737,"Atlanta","Hawks","ATL",1,0,"",NA,"","","",336
21500506,536,8,0,2,"4:52 PM","5:36","",NA,"SUB: Sefolosha FOR Korver","","",5,2594,"Kyle Korver",1610612737,"Atlanta","Hawks","ATL",5,200757,"Thabo Sefolosha",1610612737,"Atlanta","Hawks","ATL",0,0,"",NA,"","","",336
21500506,537,8,0,2,"4:52 PM","5:36","",NA,"SUB: Bazemore FOR Patterson","","",5,203934,"Lamar Patterson",1610612737,"Atlanta","Hawks","ATL",5,203145,"Kent Bazemore",1610612737,"Atlanta","Hawks","ATL",0,0,"",NA,"","","",336
21500506,538,8,0,2,"4:52 PM","5:36","SUB: Calderon FOR Grant",NA,"","","",4,1626170,"Jerian Grant",1610612752,"New York","Knicks","NYK",4,101181,"Jose Calderon",1610612752,"New York","Knicks","NYK",0,0,"",NA,"","","",336
21500506,535,8,0,2,"4:52 PM","5:36","",NA,"SUB: Tavares FOR Horford","","",5,201143,"Al Horford",1610612737,"Atlanta","Hawks","ATL",5,204002,"Edy Tavares",1610612737,"Atlanta","Hawks","ATL",0,0,"",NA,"","","",336
21500506,540,8,0,2,"4:52 PM","5:28","SUB: Lopez FOR Porzingis",NA,"","","",4,204001,"Kristaps Porzingis",1610612752,"New York","Knicks","NYK",4,201577,"Robin Lopez",1610612752,"New York","Knicks","NYK",0,0,"",NA,"","","",328
21500506,524,2,42,2,"4:52 PM","5:28","",NA,"MISS Teague 3' Driving Layup","","",5,201952,"Jeff Teague",1610612737,"Atlanta","Hawks","ATL",0,0,"",NA,"","","",0,0,"",NA,"","","",328
21500506,523,4,0,2,"4:52 PM","5:27","Calderon REBOUND (Off:0 Def:2)",NA,"","","",4,101181,"Jose Calderon",1610612752,"New York","Knicks","NYK",0,0,"",NA,"","","",0,0,"",NA,"","","",327
21500506,522,1,45,2,"4:52 PM","5:20","Afflalo 26' 3PT Jump Shot (11 PTS) (Calderon 1 AST)",NA,"","32 - 45","13",4,201167,"Arron Afflalo",1610612752,"New York","Knicks","NYK",4,101181,"Jose Calderon",1610612752,"New York","Knicks","NYK",0,0,"",NA,"","","",320
21500506,521,5,21,2,"4:52 PM","5:03","",NA,"Millsap Palming Turnover (P1.T8)","","",5,200794,"Paul Millsap",1610612737,"Atlanta","Hawks","ATL",0,0,"",NA,"","","",1,0,"",NA,"","","",303
21500506,520,1,52,2,"4:52 PM","4:53","Williams  Alley Oop Dunk (4 PTS) (Afflalo 2 AST)",NA,"","32 - 47","15",4,202682,"Derrick Williams",1610612752,"New York","Knicks","NYK",4,201167,"Arron Afflalo",1610612752,"New York","Knicks","NYK",0,0,"",NA,"","","",293
21500506,519,2,42,2,"4:52 PM","4:37","Lopez BLOCK (2 BLK)",NA,"MISS Teague 3' Driving Layup","","",5,201952,"Jeff Teague",1610612737,"Atlanta","Hawks","ATL",0,0,"",NA,"","","",4,201577,"Robin Lopez",1610612752,"New York","Knicks","NYK",277
21500506,518,4,0,2,"4:52 PM","4:36","",NA,"Millsap REBOUND (Off:1 Def:2)","","",5,200794,"Paul Millsap",1610612737,"Atlanta","Hawks","ATL",0,0,"",NA,"","","",0,0,"",NA,"","","",276
21500506,517,1,80,2,"4:52 PM","4:32","",NA,"Bazemore 27' 3PT Step Back Jump Shot (8 PTS) (Millsap 2 AST)","35 - 47","12",5,203145,"Kent Bazemore",1610612737,"Atlanta","Hawks","ATL",5,200794,"Paul Millsap",1610612737,"Atlanta","Hawks","ATL",0,0,"",NA,"","","",272
21500506,516,2,45,2,"4:52 PM","4:04","MISS Calderon 16' Jump Shot",NA,"","","",4,101181,"Jose Calderon",1610612752,"New York","Knicks","NYK",0,0,"",NA,"","","",0,0,"",NA,"","","",244
21500506,515,4,0,2,"4:52 PM","4:03","Lopez REBOUND (Off:3 Def:3)",NA,"","","",4,201577,"Robin Lopez",1610612752,"New York","Knicks","NYK",0,0,"",NA,"","","",0,0,"",NA,"","","",243
21500506,514,1,97,2,"4:52 PM","4:03","Lopez 2' Tip Layup Shot (6 PTS)",NA,"","35 - 49","14",4,201577,"Robin Lopez",1610612752,"New York","Knicks","NYK",0,0,"",NA,"","","",0,0,"",NA,"","","",243
21500506,513,6,2,2,"4:52 PM","3:37","Lopez S.FOUL (P2.T4) (S.Foster)",NA,"","","",4,201577,"Robin Lopez",1610612752,"New York","Knicks","NYK",5,200794,"Paul Millsap",1610612737,"Atlanta","Hawks","ATL",1,0,"",NA,"","","",217
21500506,512,3,11,2,"4:52 PM","3:37","",NA,"Millsap Free Throw 1 of 2 (6 PTS)","36 - 49","13",5,200794,"Paul Millsap",1610612737,"Atlanta","Hawks","ATL",0,0,"",NA,"","","",0,0,"",NA,"","","",217
21500506,511,3,12,2,"4:52 PM","3:37","",NA,"Millsap Free Throw 2 of 2 (7 PTS)","37 - 49","12",5,200794,"Paul Millsap",1610612737,"Atlanta","Hawks","ATL",0,0,"",NA,"","","",0,0,"",NA,"","","",217
21500506,510,2,45,2,"4:52 PM","3:25","MISS Williams 5' Jump Shot",NA,"Tavares BLOCK (2 BLK)","","",4,202682,"Derrick Williams",1610612752,"New York","Knicks","NYK",0,0,"",NA,"","","",5,204002,"Edy Tavares",1610612737,"Atlanta","Hawks","ATL",205
21500506,509,4,0,2,"4:52 PM","3:24","KNICKS Rebound",NA,"","","",2,1610612752,"",NA,"","","",0,0,"",NA,"","","",0,0,"",NA,"","","",204
21500506,508,5,1,2,"4:52 PM","3:18","Calderon Bad Pass Turnover (P2.T9)",NA,"Millsap STEAL (4 STL)","","",4,101181,"Jose Calderon",1610612752,"New York","Knicks","NYK",5,200794,"Paul Millsap",1610612737,"Atlanta","Hawks","ATL",0,0,"",NA,"","","",198
21500506,507,1,45,2,"4:52 PM","3:07","",NA,"Millsap 6' Jump Shot (9 PTS)","39 - 49","10",5,200794,"Paul Millsap",1610612737,"Atlanta","Hawks","ATL",0,0,"",NA,"","","",0,0,"",NA,"","","",187
21500506,505,9,1,2,"4:52 PM","3:07","KNICKS Timeout: Regular (Full 2 Short 0)",NA,"","","",2,1610612752,"",NA,"","","",0,0,"",NA,"","","",0,0,"",NA,"","","",187
21500506,506,6,2,2,"4:52 PM","3:07","Williams S.FOUL (P2.PN) (S.Corbin)",NA,"","","",4,202682,"Derrick Williams",1610612752,"New York","Knicks","NYK",5,200794,"Paul Millsap",1610612737,"Atlanta","Hawks","ATL",1,0,"",NA,"","","",187
21500506,541,8,0,2,"4:52 PM","3:07","SUB: Porzingis FOR Williams",NA,"","","",4,202682,"Derrick Williams",1610612752,"New York","Knicks","NYK",4,204001,"Kristaps Porzingis",1610612752,"New York","Knicks","NYK",0,0,"",NA,"","","",187
21500506,504,3,10,2,"4:52 PM","3:07","",NA,"Millsap Free Throw 1 of 1 (10 PTS)","40 - 49","9",5,200794,"Paul Millsap",1610612737,"Atlanta","Hawks","ATL",0,0,"",NA,"","","",0,0,"",NA,"","","",187
21500506,503,6,2,2,"4:52 PM","2:59","",NA,"Millsap S.FOUL (P2.T2) (S.Foster)","","",5,200794,"Paul Millsap",1610612737,"Atlanta","Hawks","ATL",4,201577,"Robin Lopez",1610612752,"New York","Knicks","NYK",1,0,"",NA,"","","",179
21500506,502,3,11,2,"4:52 PM","2:59","Lopez Free Throw 1 of 2 (7 PTS)",NA,"","40 - 50","10",4,201577,"Robin Lopez",1610612752,"New York","Knicks","NYK",0,0,"",NA,"","","",0,0,"",NA,"","","",179
21500506,501,3,12,2,"4:52 PM","2:59","Lopez Free Throw 2 of 2 (8 PTS)",NA,"","40 - 51","11",4,201577,"Robin Lopez",1610612752,"New York","Knicks","NYK",0,0,"",NA,"","","",0,0,"",NA,"","","",179
21500506,500,2,45,2,"4:52 PM","2:40","Lopez BLOCK (3 BLK)",NA,"MISS Millsap 5' Jump Shot","","",5,200794,"Paul Millsap",1610612737,"Atlanta","Hawks","ATL",0,0,"",NA,"","","",4,201577,"Robin Lopez",1610612752,"New York","Knicks","NYK",160
21500506,499,4,0,2,"4:52 PM","2:39","Porzingis REBOUND (Off:1 Def:2)",NA,"","","",4,204001,"Kristaps Porzingis",1610612752,"New York","Knicks","NYK",0,0,"",NA,"","","",0,0,"",NA,"","","",159
21500506,498,2,45,2,"4:52 PM","2:32","MISS Anthony 27' 3PT Jump Shot",NA,"","","",4,2546,"Carmelo Anthony",1610612752,"New York","Knicks","NYK",0,0,"",NA,"","","",0,0,"",NA,"","","",152
21500506,497,4,0,2,"4:52 PM","2:31","",NA,"Sefolosha REBOUND (Off:0 Def:3)","","",5,200757,"Thabo Sefolosha",1610612737,"Atlanta","Hawks","ATL",0,0,"",NA,"","","",0,0,"",NA,"","","",151
21500506,496,2,45,2,"4:52 PM","2:16","",NA,"MISS Teague 26' 3PT Jump Shot","","",5,201952,"Jeff Teague",1610612737,"Atlanta","Hawks","ATL",0,0,"",NA,"","","",0,0,"",NA,"","","",136
21500506,495,4,0,2,"4:52 PM","2:15","Calderon REBOUND (Off:0 Def:3)",NA,"","","",4,101181,"Jose Calderon",1610612752,"New York","Knicks","NYK",0,0,"",NA,"","","",0,0,"",NA,"","","",135
21500506,494,6,2,2,"4:52 PM","2:07","",NA,"Teague S.FOUL (P2.T3) (H.Workman)","","",5,201952,"Jeff Teague",1610612737,"Atlanta","Hawks","ATL",4,201167,"Arron Afflalo",1610612752,"New York","Knicks","NYK",1,0,"",NA,"","","",127
21500506,493,3,11,2,"4:52 PM","2:07","Afflalo Free Throw 1 of 2 (12 PTS)",NA,"","40 - 52","12",4,201167,"Arron Afflalo",1610612752,"New York","Knicks","NYK",0,0,"",NA,"","","",0,0,"",NA,"","","",127
21500506,542,8,0,2,"4:52 PM","2:07","",NA,"SUB: Horford FOR Tavares","","",5,204002,"Edy Tavares",1610612737,"Atlanta","Hawks","ATL",5,201143,"Al Horford",1610612737,"Atlanta","Hawks","ATL",0,0,"",NA,"","","",127
21500506,492,3,12,2,"4:52 PM","2:07","Afflalo Free Throw 2 of 2 (13 PTS)",NA,"","40 - 53","13",4,201167,"Arron Afflalo",1610612752,"New York","Knicks","NYK",0,0,"",NA,"","","",0,0,"",NA,"","","",127
21500506,491,2,45,2,"4:52 PM","1:56","",NA,"MISS Millsap 26' 3PT Jump Shot","","",5,200794,"Paul Millsap",1610612737,"Atlanta","Hawks","ATL",0,0,"",NA,"","","",0,0,"",NA,"","","",116
21500506,490,4,0,2,"4:52 PM","1:55","Lopez REBOUND (Off:3 Def:4)",NA,"","","",4,201577,"Robin Lopez",1610612752,"New York","Knicks","NYK",0,0,"",NA,"","","",0,0,"",NA,"","","",115
21500506,489,1,45,2,"4:52 PM","1:45","Afflalo 12' Jump Shot (15 PTS) (Lopez 4 AST)",NA,"","40 - 55","15",4,201167,"Arron Afflalo",1610612752,"New York","Knicks","NYK",4,201577,"Robin Lopez",1610612752,"New York","Knicks","NYK",0,0,"",NA,"","","",105
21500506,488,1,45,2,"4:52 PM","1:24","",NA,"Bazemore 26' 3PT Jump Shot (11 PTS) (Horford 1 AST)","43 - 55","12",5,203145,"Kent Bazemore",1610612737,"Atlanta","Hawks","ATL",5,201143,"Al Horford",1610612737,"Atlanta","Hawks","ATL",0,0,"",NA,"","","",84
21500506,487,5,1,2,"4:52 PM","1:06","Porzingis Bad Pass Turnover (P2.T10)",NA,"Millsap STEAL (5 STL)","","",4,204001,"Kristaps Porzingis",1610612752,"New York","Knicks","NYK",5,200794,"Paul Millsap",1610612737,"Atlanta","Hawks","ATL",0,0,"",NA,"","","",66
21500506,486,1,42,2,"4:52 PM","0:58","",NA,"Sefolosha 3' Driving Layup (4 PTS) (Millsap 3 AST)","45 - 55","10",5,200757,"Thabo Sefolosha",1610612737,"Atlanta","Hawks","ATL",5,200794,"Paul Millsap",1610612737,"Atlanta","Hawks","ATL",0,0,"",NA,"","","",58
21500506,485,2,45,2,"4:52 PM","0:44","MISS Calderon 10' Jump Shot",NA,"","","",4,101181,"Jose Calderon",1610612752,"New York","Knicks","NYK",0,0,"",NA,"","","",0,0,"",NA,"","","",44
21500506,484,4,0,2,"4:52 PM","0:43","",NA,"Bazemore REBOUND (Off:0 Def:1)","","",5,203145,"Kent Bazemore",1610612737,"Atlanta","Hawks","ATL",0,0,"",NA,"","","",0,0,"",NA,"","","",43
21500506,483,5,41,2,"4:52 PM","0:26","Anthony STEAL (3 STL)",NA,"Millsap Poss Lost Ball Turnover (P2.T9)","","",5,200794,"Paul Millsap",1610612737,"Atlanta","Hawks","ATL",4,2546,"Carmelo Anthony",1610612752,"New York","Knicks","NYK",0,0,"",NA,"","","",26
21500506,482,2,45,2,"4:52 PM","0:09","MISS Calderon 26' 3PT Jump Shot",NA,"","","",4,101181,"Jose Calderon",1610612752,"New York","Knicks","NYK",0,0,"",NA,"","","",0,0,"",NA,"","","",9
21500506,481,4,0,2,"4:52 PM","0:07","",NA,"Sefolosha REBOUND (Off:0 Def:4)","","",5,200757,"Thabo Sefolosha",1610612737,"Atlanta","Hawks","ATL",0,0,"",NA,"","","",0,0,"",NA,"","","",7
21500506,480,2,45,2,"4:52 PM","0:00","",NA,"MISS Teague 12' Jump Shot","","",5,201952,"Jeff Teague",1610612737,"Atlanta","Hawks","ATL",0,0,"",NA,"","","",0,0,"",NA,"","","",0
21500506,529,4,0,2,"4:52 PM","0:00","",NA,"Hawks Rebound","","",3,1610612737,"",NA,"","","",0,0,"",NA,"","","",0,0,"",NA,"","","",0
21500506,479,13,0,2,"4:52 PM","0:00","",NA,"","45 - 55","10",0,0,"",NA,"","","",0,0,"",NA,"","","",0,0,"",NA,"","","",0
21500506,116,12,0,3,"4:53 PM","12:00","",NA,"","45 - 55","10",0,0,"",NA,"","","",0,0,"",NA,"","","",0,0,"",NA,"","","",720
21500506,366,2,45,3,"4:53 PM","11:37","",NA,"MISS Korver 27' 3PT Jump Shot","","",5,2594,"Kyle Korver",1610612737,"Atlanta","Hawks","ATL",0,0,"",NA,"","","",0,0,"",NA,"","","",697
21500506,555,4,0,3,"4:53 PM","11:36","",NA,"Millsap REBOUND (Off:2 Def:2)","","",5,200794,"Paul Millsap",1610612737,"Atlanta","Hawks","ATL",0,0,"",NA,"","","",0,0,"",NA,"","","",696
21500506,362,6,2,3,"4:53 PM","11:35","Porzingis S.FOUL (P1.T1) (S.Foster)",NA,"","","",4,204001,"Kristaps Porzingis",1610612752,"New York","Knicks","NYK",5,200794,"Paul Millsap",1610612737,"Atlanta","Hawks","ATL",1,0,"",NA,"","","",695
21500506,364,3,11,3,"4:53 PM","11:35","",NA,"Millsap Free Throw 1 of 2 (11 PTS)","46 - 55","9",5,200794,"Paul Millsap",1610612737,"Atlanta","Hawks","ATL",0,0,"",NA,"","","",0,0,"",NA,"","","",695
21500506,363,3,12,3,"4:53 PM","11:35","",NA,"Millsap Free Throw 2 of 2 (12 PTS)","47 - 55","8",5,200794,"Paul Millsap",1610612737,"Atlanta","Hawks","ATL",0,0,"",NA,"","","",0,0,"",NA,"","","",695
21500506,117,1,1,3,"4:53 PM","11:12","Afflalo 25' 3PT Jump Shot (18 PTS) (Calderon 2 AST)",NA,"","47 - 58","11",4,201167,"Arron Afflalo",1610612752,"New York","Knicks","NYK",4,101181,"Jose Calderon",1610612752,"New York","Knicks","NYK",0,0,"",NA,"","","",672
21500506,118,1,1,3,"4:53 PM","10:51","",NA,"Horford 19' Jump Shot (11 PTS) (Millsap 4 AST)","49 - 58","9",5,201143,"Al Horford",1610612737,"Atlanta","Hawks","ATL",5,200794,"Paul Millsap",1610612737,"Atlanta","Hawks","ATL",0,0,"",NA,"","","",651
21500506,119,2,1,3,"4:53 PM","10:38","MISS Porzingis 26' 3PT Jump Shot",NA,"","","",4,204001,"Kristaps Porzingis",1610612752,"New York","Knicks","NYK",0,0,"",NA,"","","",0,0,"",NA,"","","",638
21500506,120,4,0,3,"4:53 PM","10:37","Lopez REBOUND (Off:4 Def:4)",NA,"","","",4,201577,"Robin Lopez",1610612752,"New York","Knicks","NYK",0,0,"",NA,"","","",0,0,"",NA,"","","",637
21500506,121,1,1,3,"4:53 PM","10:35","Afflalo 26' 3PT Jump Shot (21 PTS) (Lopez 5 AST)",NA,"","49 - 61","12",4,201167,"Arron Afflalo",1610612752,"New York","Knicks","NYK",4,201577,"Robin Lopez",1610612752,"New York","Knicks","NYK",0,0,"",NA,"","","",635
21500506,122,1,1,3,"4:54 PM","10:13","",NA,"Bazemore 27' 3PT Jump Shot (14 PTS) (Korver 2 AST)","52 - 61","9",5,203145,"Kent Bazemore",1610612737,"Atlanta","Hawks","ATL",5,2594,"Kyle Korver",1610612737,"Atlanta","Hawks","ATL",0,0,"",NA,"","","",613
21500506,124,5,45,3,"4:54 PM","9:51","Calderon Out of Bounds - Bad Pass Turnover Turnover (P3.T11)",NA,"","","",4,101181,"Jose Calderon",1610612752,"New York","Knicks","NYK",0,0,"",NA,"","","",0,0,"",NA,"","","",591
21500506,125,2,1,3,"4:54 PM","9:48","",NA,"MISS Korver 25' 3PT Jump Shot","","",5,2594,"Kyle Korver",1610612737,"Atlanta","Hawks","ATL",0,0,"",NA,"","","",0,0,"",NA,"","","",588
21500506,126,4,0,3,"4:54 PM","9:47","Porzingis REBOUND (Off:1 Def:3)",NA,"","","",4,204001,"Kristaps Porzingis",1610612752,"New York","Knicks","NYK",0,0,"",NA,"","","",0,0,"",NA,"","","",587
21500506,127,1,1,3,"4:55 PM","9:30","Afflalo 27' 3PT Jump Shot (24 PTS) (Anthony 3 AST)",NA,"","52 - 64","12",4,201167,"Arron Afflalo",1610612752,"New York","Knicks","NYK",4,2546,"Carmelo Anthony",1610612752,"New York","Knicks","NYK",0,0,"",NA,"","","",570
21500506,128,6,2,3,"4:55 PM","9:13","Porzingis S.FOUL (P2.T2) (S.Foster)",NA,"","","",4,204001,"Kristaps Porzingis",1610612752,"New York","Knicks","NYK",5,200794,"Paul Millsap",1610612737,"Atlanta","Hawks","ATL",1,0,"",NA,"","","",553
21500506,129,3,11,3,"4:55 PM","9:13","",NA,"Millsap Free Throw 1 of 2 (13 PTS)","53 - 64","11",5,200794,"Paul Millsap",1610612737,"Atlanta","Hawks","ATL",0,0,"",NA,"","","",0,0,"",NA,"","","",553
21500506,131,3,12,3,"4:55 PM","9:13","",NA,"MISS Millsap Free Throw 2 of 2","","",5,200794,"Paul Millsap",1610612737,"Atlanta","Hawks","ATL",0,0,"",NA,"","","",0,0,"",NA,"","","",553
21500506,133,4,0,3,"4:55 PM","9:12","Porzingis REBOUND (Off:1 Def:4)",NA,"","","",4,204001,"Kristaps Porzingis",1610612752,"New York","Knicks","NYK",0,0,"",NA,"","","",0,0,"",NA,"","","",552
21500506,135,2,5,3,"4:56 PM","9:03","MISS Porzingis 2' Layup",NA,"","","",4,204001,"Kristaps Porzingis",1610612752,"New York","Knicks","NYK",0,0,"",NA,"","","",0,0,"",NA,"","","",543
21500506,136,4,0,3,"4:56 PM","9:02","Lopez REBOUND (Off:5 Def:4)",NA,"","","",4,201577,"Robin Lopez",1610612752,"New York","Knicks","NYK",0,0,"",NA,"","","",0,0,"",NA,"","","",542
21500506,137,2,97,3,"4:56 PM","9:02","MISS Lopez 3' Tip Layup Shot",NA,"","","",4,201577,"Robin Lopez",1610612752,"New York","Knicks","NYK",0,0,"",NA,"","","",0,0,"",NA,"","","",542
21500506,138,4,0,3,"4:56 PM","9:01","",NA,"Millsap REBOUND (Off:2 Def:3)","","",5,200794,"Paul Millsap",1610612737,"Atlanta","Hawks","ATL",0,0,"",NA,"","","",0,0,"",NA,"","","",541
21500506,141,6,2,3,"4:57 PM","8:44","Anthony S.FOUL (P2.T3) (S.Foster)",NA,"","","",4,2546,"Carmelo Anthony",1610612752,"New York","Knicks","NYK",5,203145,"Kent Bazemore",1610612737,"Atlanta","Hawks","ATL",1,0,"",NA,"","","",524
21500506,142,18,0,3,"4:57 PM","8:44","",NA,"","","",NA,141,"Anthony Tucker",NA,"","","",0,0,"",NA,"","","",1,0,"",NA,"","","",524
21500506,143,3,11,3,"4:58 PM","8:44","",NA,"Bazemore Free Throw 1 of 2 (15 PTS)","54 - 64","10",5,203145,"Kent Bazemore",1610612737,"Atlanta","Hawks","ATL",0,0,"",NA,"","","",0,0,"",NA,"","","",524
21500506,145,3,12,3,"4:59 PM","8:44","",NA,"Bazemore Free Throw 2 of 2 (16 PTS)","55 - 64","9",5,203145,"Kent Bazemore",1610612737,"Atlanta","Hawks","ATL",0,0,"",NA,"","","",0,0,"",NA,"","","",524
21500506,147,2,1,3,"4:59 PM","8:33","MISS Anthony 25' 3PT Jump Shot",NA,"","","",4,2546,"Carmelo Anthony",1610612752,"New York","Knicks","NYK",0,0,"",NA,"","","",0,0,"",NA,"","","",513
21500506,148,4,0,3,"4:59 PM","8:32","",NA,"Teague REBOUND (Off:0 Def:1)","","",5,201952,"Jeff Teague",1610612737,"Atlanta","Hawks","ATL",0,0,"",NA,"","","",0,0,"",NA,"","","",512
21500506,149,1,1,3,"4:59 PM","8:26","",NA,"Horford 17' Jump Shot (13 PTS) (Teague 3 AST)","57 - 64","7",5,201143,"Al Horford",1610612737,"Atlanta","Hawks","ATL",5,201952,"Jeff Teague",1610612737,"Atlanta","Hawks","ATL",0,0,"",NA,"","","",506
21500506,150,1,58,3,"4:59 PM","8:06","Lopez 8' Turnaround Hook Shot (10 PTS)",NA,"","57 - 66","9",4,201577,"Robin Lopez",1610612752,"New York","Knicks","NYK",0,0,"",NA,"","","",0,0,"",NA,"","","",486
21500506,152,2,42,3,"5:00 PM","7:43","",NA,"MISS Teague 3' Driving Layup","","",5,201952,"Jeff Teague",1610612737,"Atlanta","Hawks","ATL",0,0,"",NA,"","","",0,0,"",NA,"","","",463
21500506,153,4,0,3,"5:00 PM","7:42","",NA,"Millsap REBOUND (Off:3 Def:3)","","",5,200794,"Paul Millsap",1610612737,"Atlanta","Hawks","ATL",0,0,"",NA,"","","",0,0,"",NA,"","","",462
21500506,154,2,1,3,"5:00 PM","7:37","",NA,"MISS Bazemore 26' 3PT Jump Shot","","",5,203145,"Kent Bazemore",1610612737,"Atlanta","Hawks","ATL",0,0,"",NA,"","","",0,0,"",NA,"","","",457
21500506,155,4,0,3,"5:00 PM","7:36","",NA,"Millsap REBOUND (Off:4 Def:3)","","",5,200794,"Paul Millsap",1610612737,"Atlanta","Hawks","ATL",0,0,"",NA,"","","",0,0,"",NA,"","","",456
21500506,156,5,1,3,"5:00 PM","7:34","Calderon STEAL (1 STL)",NA,"Millsap Bad Pass Turnover (P3.T10)","","",5,200794,"Paul Millsap",1610612737,"Atlanta","Hawks","ATL",4,101181,"Jose Calderon",1610612752,"New York","Knicks","NYK",0,0,"",NA,"","","",454
21500506,157,6,2,3,"5:00 PM","7:19","",NA,"Korver S.FOUL (P1.T1) (H.Workman)","","",5,2594,"Kyle Korver",1610612737,"Atlanta","Hawks","ATL",4,201167,"Arron Afflalo",1610612752,"New York","Knicks","NYK",1,0,"",NA,"","","",439
21500506,158,3,11,3,"5:01 PM","7:19","Afflalo Free Throw 1 of 2 (25 PTS)",NA,"","57 - 67","10",4,201167,"Arron Afflalo",1610612752,"New York","Knicks","NYK",0,0,"",NA,"","","",0,0,"",NA,"","","",439
21500506,160,3,12,3,"5:01 PM","7:19","MISS Afflalo Free Throw 2 of 2",NA,"","","",4,201167,"Arron Afflalo",1610612752,"New York","Knicks","NYK",0,0,"",NA,"","","",0,0,"",NA,"","","",439
21500506,162,4,0,3,"5:01 PM","7:18","",NA,"Horford REBOUND (Off:0 Def:1)","","",5,201143,"Al Horford",1610612737,"Atlanta","Hawks","ATL",0,0,"",NA,"","","",0,0,"",NA,"","","",438
21500506,163,2,1,3,"5:01 PM","6:55","",NA,"MISS Bazemore 27' 3PT Jump Shot","","",5,203145,"Kent Bazemore",1610612737,"Atlanta","Hawks","ATL",0,0,"",NA,"","","",0,0,"",NA,"","","",415
21500506,164,4,0,3,"5:01 PM","6:54","KNICKS Rebound",NA,"","","",2,1610612752,"",NA,"","","",0,0,"",NA,"","","",0,0,"",NA,"","","",414
21500506,165,7,5,3,"5:02 PM","6:48","",NA,"Bazemore Violation:Kicked Ball (S.Corbin)","","",5,203145,"Kent Bazemore",1610612737,"Atlanta","Hawks","ATL",0,0,"",NA,"","","",1,0,"",NA,"","","",408
21500506,166,8,0,3,"5:02 PM","6:45","",NA,"SUB: Sefolosha FOR Korver","","",5,2594,"Kyle Korver",1610612737,"Atlanta","Hawks","ATL",5,200757,"Thabo Sefolosha",1610612737,"Atlanta","Hawks","ATL",0,0,"",NA,"","","",405
21500506,167,8,0,3,"5:02 PM","6:45","",NA,"SUB: Tavares FOR Horford","","",5,201143,"Al Horford",1610612737,"Atlanta","Hawks","ATL",5,204002,"Edy Tavares",1610612737,"Atlanta","Hawks","ATL",0,0,"",NA,"","","",405
21500506,168,2,101,3,"5:02 PM","6:36","MISS Porzingis 8' Driving Floating Jump Shot",NA,"","","",4,204001,"Kristaps Porzingis",1610612752,"New York","Knicks","NYK",0,0,"",NA,"","","",0,0,"",NA,"","","",396
21500506,169,4,0,3,"5:02 PM","6:35","",NA,"Tavares REBOUND (Off:0 Def:1)","","",5,204002,"Edy Tavares",1610612737,"Atlanta","Hawks","ATL",0,0,"",NA,"","","",0,0,"",NA,"","","",395
21500506,170,2,1,3,"5:02 PM","6:25","",NA,"MISS Bazemore 25' 3PT Jump Shot","","",5,203145,"Kent Bazemore",1610612737,"Atlanta","Hawks","ATL",0,0,"",NA,"","","",0,0,"",NA,"","","",385
21500506,171,4,0,3,"5:02 PM","6:24","Anthony REBOUND (Off:2 Def:3)",NA,"","","",4,2546,"Carmelo Anthony",1610612752,"New York","Knicks","NYK",0,0,"",NA,"","","",0,0,"",NA,"","","",384
21500506,172,1,1,3,"5:02 PM","6:18","Afflalo 26' 3PT Jump Shot (28 PTS) (Anthony 4 AST)",NA,"","57 - 70","13",4,201167,"Arron Afflalo",1610612752,"New York","Knicks","NYK",4,2546,"Carmelo Anthony",1610612752,"New York","Knicks","NYK",0,0,"",NA,"","","",378
21500506,173,9,1,3,"5:03 PM","6:08","",NA,"Hawks Timeout: Regular (Reg.3 Short 0)","","",3,1610612737,"",NA,"","","",0,0,"",NA,"","","",0,0,"",NA,"","","",368
21500506,175,8,0,3,"5:05 PM","6:08","SUB: Thomas FOR Lopez",NA,"","","",4,201577,"Robin Lopez",1610612752,"New York","Knicks","NYK",4,202498,"Lance Thomas",1610612752,"New York","Knicks","NYK",0,0,"",NA,"","","",368
21500506,176,6,1,3,"5:05 PM","6:05","Thomas P.FOUL (P3.T4) (S.Corbin)",NA,"","","",4,202498,"Lance Thomas",1610612752,"New York","Knicks","NYK",5,200757,"Thabo Sefolosha",1610612737,"Atlanta","Hawks","ATL",1,0,"",NA,"","","",365
21500506,177,2,47,3,"5:06 PM","6:03","",NA,"MISS Millsap 11' Turnaround Jump Shot","","",5,200794,"Paul Millsap",1610612737,"Atlanta","Hawks","ATL",0,0,"",NA,"","","",0,0,"",NA,"","","",363
21500506,178,4,0,3,"5:06 PM","6:02","Porzingis REBOUND (Off:1 Def:5)",NA,"","","",4,204001,"Kristaps Porzingis",1610612752,"New York","Knicks","NYK",0,0,"",NA,"","","",0,0,"",NA,"","","",362
21500506,180,6,2,3,"5:06 PM","5:38","",NA,"Millsap S.FOUL (P3.T2) (S.Corbin)","","",5,200794,"Paul Millsap",1610612737,"Atlanta","Hawks","ATL",4,202498,"Lance Thomas",1610612752,"New York","Knicks","NYK",1,0,"",NA,"","","",338
21500506,181,3,11,3,"5:07 PM","5:38","Thomas Free Throw 1 of 2 (1 PTS)",NA,"","57 - 71","14",4,202498,"Lance Thomas",1610612752,"New York","Knicks","NYK",0,0,"",NA,"","","",0,0,"",NA,"","","",338
21500506,183,3,12,3,"5:07 PM","5:38","Thomas Free Throw 2 of 2 (2 PTS)",NA,"","57 - 72","15",4,202498,"Lance Thomas",1610612752,"New York","Knicks","NYK",0,0,"",NA,"","","",0,0,"",NA,"","","",338
21500506,185,2,49,3,"5:07 PM","5:38","Porzingis BLOCK (1 BLK)",NA,"MISS Teague  Driving Dunk","","",5,201952,"Jeff Teague",1610612737,"Atlanta","Hawks","ATL",0,0,"",NA,"","","",4,204001,"Kristaps Porzingis",1610612752,"New York","Knicks","NYK",338
21500506,186,4,0,3,"5:07 PM","5:37","Thomas REBOUND (Off:0 Def:1)",NA,"","","",4,202498,"Lance Thomas",1610612752,"New York","Knicks","NYK",0,0,"",NA,"","","",0,0,"",NA,"","","",337
21500506,187,1,1,3,"5:07 PM","5:29","Afflalo 18' Jump Shot (30 PTS) (Thomas 1 AST)",NA,"","57 - 74","17",4,201167,"Arron Afflalo",1610612752,"New York","Knicks","NYK",4,202498,"Lance Thomas",1610612752,"New York","Knicks","NYK",0,0,"",NA,"","","",329
21500506,188,5,2,3,"5:07 PM","5:02","Calderon STEAL (2 STL)",NA,"Teague Lost Ball Turnover (P2.T11)","","",5,201952,"Jeff Teague",1610612737,"Atlanta","Hawks","ATL",4,101181,"Jose Calderon",1610612752,"New York","Knicks","NYK",0,0,"",NA,"","","",302
21500506,189,2,48,3,"5:08 PM","4:55","MISS Porzingis  Dunk",NA,"Tavares BLOCK (3 BLK)","","",4,204001,"Kristaps Porzingis",1610612752,"New York","Knicks","NYK",0,0,"",NA,"","","",5,204002,"Edy Tavares",1610612737,"Atlanta","Hawks","ATL",295
21500506,190,4,0,3,"5:08 PM","4:53","KNICKS Rebound",NA,"","","",2,1610612752,"",NA,"","","",0,0,"",NA,"","","",0,0,"",NA,"","","",293
21500506,191,8,0,3,"5:08 PM","4:53","",NA,"SUB: Mack FOR Teague","","",5,201952,"Jeff Teague",1610612737,"Atlanta","Hawks","ATL",5,202714,"Shelvin Mack",1610612737,"Atlanta","Hawks","ATL",0,0,"",NA,"","","",293
21500506,193,2,1,3,"5:08 PM","4:39","MISS Calderon 19' Jump Shot",NA,"","","",4,101181,"Jose Calderon",1610612752,"New York","Knicks","NYK",0,0,"",NA,"","","",0,0,"",NA,"","","",279
21500506,194,4,0,3,"5:08 PM","4:38","",NA,"Tavares REBOUND (Off:0 Def:2)","","",5,204002,"Edy Tavares",1610612737,"Atlanta","Hawks","ATL",0,0,"",NA,"","","",0,0,"",NA,"","","",278
21500506,195,1,73,3,"5:08 PM","4:28","",NA,"Millsap 2' Driving Reverse Layup (15 PTS) (Sefolosha 2 AST)","59 - 74","15",5,200794,"Paul Millsap",1610612737,"Atlanta","Hawks","ATL",5,200757,"Thabo Sefolosha",1610612737,"Atlanta","Hawks","ATL",0,0,"",NA,"","","",268
21500506,196,1,79,3,"5:09 PM","4:17","Calderon 16' Pullup Jump Shot (9 PTS)",NA,"","59 - 76","17",4,101181,"Jose Calderon",1610612752,"New York","Knicks","NYK",0,0,"",NA,"","","",0,0,"",NA,"","","",257
21500506,197,1,44,3,"5:09 PM","4:01","",NA,"Bazemore 2' Reverse Layup (18 PTS) (Millsap 5 AST)","61 - 76","15",5,203145,"Kent Bazemore",1610612737,"Atlanta","Hawks","ATL",5,200794,"Paul Millsap",1610612737,"Atlanta","Hawks","ATL",0,0,"",NA,"","","",241
21500506,198,6,4,3,"5:09 PM","3:51","Afflalo OFF.Foul (P1) (S.Corbin)",NA,"","","",4,201167,"Arron Afflalo",1610612752,"New York","Knicks","NYK",5,203145,"Kent Bazemore",1610612737,"Atlanta","Hawks","ATL",1,0,"",NA,"","","",231
21500506,199,5,5,3,"5:09 PM","3:51","Afflalo Foul Turnover (P1.T12)",NA,"","","",4,201167,"Arron Afflalo",1610612752,"New York","Knicks","NYK",0,0,"",NA,"","","",1,0,"",NA,"","","",231
21500506,200,1,7,3,"5:10 PM","3:44","",NA,"Tavares  Dunk (2 PTS) (Bazemore 2 AST)","63 - 76","13",5,204002,"Edy Tavares",1610612737,"Atlanta","Hawks","ATL",5,203145,"Kent Bazemore",1610612737,"Atlanta","Hawks","ATL",0,0,"",NA,"","","",224
21500506,201,1,63,3,"5:10 PM","3:21","Porzingis 19' Fadeaway Jumper (14 PTS)",NA,"","63 - 78","15",4,204001,"Kristaps Porzingis",1610612752,"New York","Knicks","NYK",0,0,"",NA,"","","",0,0,"",NA,"","","",201
21500506,202,2,57,3,"5:10 PM","3:11","",NA,"MISS Millsap 5' Driving Hook Shot","","",5,200794,"Paul Millsap",1610612737,"Atlanta","Hawks","ATL",0,0,"",NA,"","","",0,0,"",NA,"","","",191
21500506,203,4,0,3,"5:10 PM","3:10","",NA,"Tavares REBOUND (Off:1 Def:2)","","",5,204002,"Edy Tavares",1610612737,"Atlanta","Hawks","ATL",0,0,"",NA,"","","",0,0,"",NA,"","","",190
21500506,204,2,97,3,"5:10 PM","3:10","",NA,"MISS Tavares 3' Tip Layup Shot","","",5,204002,"Edy Tavares",1610612737,"Atlanta","Hawks","ATL",0,0,"",NA,"","","",0,0,"",NA,"","","",190
21500506,205,4,0,3,"5:10 PM","3:09","Thomas REBOUND (Off:0 Def:2)",NA,"","","",4,202498,"Lance Thomas",1610612752,"New York","Knicks","NYK",0,0,"",NA,"","","",0,0,"",NA,"","","",189
21500506,206,2,42,3,"5:10 PM","3:02","MISS Porzingis 2' Driving Layup",NA,"","","",4,204001,"Kristaps Porzingis",1610612752,"New York","Knicks","NYK",0,0,"",NA,"","","",0,0,"",NA,"","","",182
21500506,207,4,0,3,"5:10 PM","3:01","",NA,"Millsap REBOUND (Off:4 Def:4)","","",5,200794,"Paul Millsap",1610612737,"Atlanta","Hawks","ATL",0,0,"",NA,"","","",0,0,"",NA,"","","",181
21500506,208,1,101,3,"5:10 PM","2:55","",NA,"Mack 5' Driving Floating Jump Shot (4 PTS)","65 - 78","13",5,202714,"Shelvin Mack",1610612737,"Atlanta","Hawks","ATL",0,0,"",NA,"","","",0,0,"",NA,"","","",175
21500506,209,9,1,3,"5:10 PM","2:52","KNICKS Timeout: Regular (Full 3 Short 0)",NA,"","","",2,1610612752,"",NA,"","","",0,0,"",NA,"","","",0,0,"",NA,"","","",172
21500506,210,8,0,3,"5:13 PM","2:49","",NA,"SUB: Horford FOR Bazemore","","",5,203145,"Kent Bazemore",1610612737,"Atlanta","Hawks","ATL",5,201143,"Al Horford",1610612737,"Atlanta","Hawks","ATL",0,0,"",NA,"","","",169
21500506,211,8,0,3,"5:13 PM","2:49","",NA,"SUB: Korver FOR Millsap","","",5,200794,"Paul Millsap",1610612737,"Atlanta","Hawks","ATL",5,2594,"Kyle Korver",1610612737,"Atlanta","Hawks","ATL",0,0,"",NA,"","","",169
21500506,212,8,0,3,"5:13 PM","2:49","SUB: Lopez FOR Porzingis",NA,"","","",4,204001,"Kristaps Porzingis",1610612752,"New York","Knicks","NYK",4,201577,"Robin Lopez",1610612752,"New York","Knicks","NYK",0,0,"",NA,"","","",169
21500506,213,8,0,3,"5:13 PM","2:49","SUB: Grant FOR Afflalo",NA,"","","",4,201167,"Arron Afflalo",1610612752,"New York","Knicks","NYK",4,1626170,"Jerian Grant",1610612752,"New York","Knicks","NYK",0,0,"",NA,"","","",169
21500506,214,8,0,3,"5:13 PM","2:49","SUB: Galloway FOR Calderon",NA,"","","",4,101181,"Jose Calderon",1610612752,"New York","Knicks","NYK",4,204038,"Langston Galloway",1610612752,"New York","Knicks","NYK",0,0,"",NA,"","","",169
21500506,216,1,1,3,"5:13 PM","2:40","Grant 17' Jump Shot (6 PTS)",NA,"","65 - 80","15",4,1626170,"Jerian Grant",1610612752,"New York","Knicks","NYK",0,0,"",NA,"","","",0,0,"",NA,"","","",160
21500506,217,1,1,3,"5:13 PM","2:16","",NA,"Korver 25' 3PT Jump Shot (5 PTS) (Horford 2 AST)","68 - 80","12",5,2594,"Kyle Korver",1610612737,"Atlanta","Hawks","ATL",5,201143,"Al Horford",1610612737,"Atlanta","Hawks","ATL",0,0,"",NA,"","","",136
21500506,218,1,5,3,"5:14 PM","2:05","Anthony 3' Layup (5 PTS) (Grant 3 AST)",NA,"","68 - 82","14",4,2546,"Carmelo Anthony",1610612752,"New York","Knicks","NYK",4,1626170,"Jerian Grant",1610612752,"New York","Knicks","NYK",0,0,"",NA,"","","",125
21500506,219,2,1,3,"5:14 PM","1:51","",NA,"MISS Korver 25' 3PT Jump Shot","","",5,2594,"Kyle Korver",1610612737,"Atlanta","Hawks","ATL",0,0,"",NA,"","","",0,0,"",NA,"","","",111
21500506,220,4,0,3,"5:14 PM","1:50","Grant REBOUND (Off:0 Def:3)",NA,"","","",4,1626170,"Jerian Grant",1610612752,"New York","Knicks","NYK",0,0,"",NA,"","","",0,0,"",NA,"","","",110
21500506,221,1,57,3,"5:14 PM","1:40","Lopez 5' Driving Hook Shot (12 PTS) (Grant 4 AST)",NA,"","68 - 84","16",4,201577,"Robin Lopez",1610612752,"New York","Knicks","NYK",4,1626170,"Jerian Grant",1610612752,"New York","Knicks","NYK",0,0,"",NA,"","","",100
21500506,222,6,17,3,"5:15 PM","1:20","KNICKS T.Foul (Def. 3 Sec Anthony ) (S.Foster)",NA,"","","",4,2546,"Carmelo Anthony",1610612752,"New York","Knicks","NYK",0,0,"",NA,"","","",1,0,"",NA,"","","",80
21500506,223,3,16,3,"5:15 PM","1:20","",NA,"Korver Free Throw Technical (6 PTS)","69 - 84","15",5,2594,"Kyle Korver",1610612737,"Atlanta","Hawks","ATL",0,0,"",NA,"","","",0,0,"",NA,"","","",80
21500506,225,1,1,3,"5:15 PM","1:14","",NA,"Mack 20' Jump Shot (6 PTS)","71 - 84","13",5,202714,"Shelvin Mack",1610612737,"Atlanta","Hawks","ATL",0,0,"",NA,"","","",0,0,"",NA,"","","",74
21500506,226,2,1,3,"5:15 PM","0:59","MISS Thomas 25' 3PT Jump Shot",NA,"","","",4,202498,"Lance Thomas",1610612752,"New York","Knicks","NYK",0,0,"",NA,"","","",0,0,"",NA,"","","",59
21500506,227,4,0,3,"5:15 PM","0:57","Anthony REBOUND (Off:3 Def:3)",NA,"","","",4,2546,"Carmelo Anthony",1610612752,"New York","Knicks","NYK",0,0,"",NA,"","","",0,0,"",NA,"","","",57
21500506,228,6,1,3,"5:15 PM","0:55","",NA,"Sefolosha P.FOUL (P1.T3) (H.Workman)","","",5,200757,"Thabo Sefolosha",1610612737,"Atlanta","Hawks","ATL",4,2546,"Carmelo Anthony",1610612752,"New York","Knicks","NYK",1,0,"",NA,"","","",55
21500506,229,2,58,3,"5:16 PM","0:52","MISS Thomas 10' Turnaround Hook Shot",NA,"","","",4,202498,"Lance Thomas",1610612752,"New York","Knicks","NYK",0,0,"",NA,"","","",0,0,"",NA,"","","",52
21500506,230,4,0,3,"5:16 PM","0:51","",NA,"Horford REBOUND (Off:0 Def:2)","","",5,201143,"Al Horford",1610612737,"Atlanta","Hawks","ATL",0,0,"",NA,"","","",0,0,"",NA,"","","",51
21500506,231,1,42,3,"5:16 PM","0:47","",NA,"Mack 3' Driving Layup (8 PTS) (Korver 3 AST)","73 - 84","11",5,202714,"Shelvin Mack",1610612737,"Atlanta","Hawks","ATL",5,2594,"Kyle Korver",1610612737,"Atlanta","Hawks","ATL",0,0,"",NA,"","","",47
21500506,232,5,1,3,"5:16 PM","0:29","Grant Bad Pass Turnover (P1.T13)",NA,"Sefolosha STEAL (2 STL)","","",4,1626170,"Jerian Grant",1610612752,"New York","Knicks","NYK",5,200757,"Thabo Sefolosha",1610612737,"Atlanta","Hawks","ATL",0,0,"",NA,"","","",29
21500506,233,1,1,3,"5:16 PM","0:24","",NA,"Korver 27' 3PT Jump Shot (9 PTS) (Mack 3 AST)","76 - 84","8",5,2594,"Kyle Korver",1610612737,"Atlanta","Hawks","ATL",5,202714,"Shelvin Mack",1610612737,"Atlanta","Hawks","ATL",0,0,"",NA,"","","",24
21500506,234,1,3,3,"5:17 PM","0:06","Lopez 5' Hook Shot (14 PTS) (Grant 5 AST)",NA,"","76 - 86","10",4,201577,"Robin Lopez",1610612752,"New York","Knicks","NYK",4,1626170,"Jerian Grant",1610612752,"New York","Knicks","NYK",0,0,"",NA,"","","",6
21500506,235,5,1,3,"5:17 PM","0:06","Grant STEAL (1 STL)",NA,"Mack Bad Pass Turnover (P2.T12)","","",5,202714,"Shelvin Mack",1610612737,"Atlanta","Hawks","ATL",4,1626170,"Jerian Grant",1610612752,"New York","Knicks","NYK",0,0,"",NA,"","","",6
21500506,236,2,1,3,"5:17 PM","0:01","MISS Grant 25' 3PT Jump Shot",NA,"","","",4,1626170,"Jerian Grant",1610612752,"New York","Knicks","NYK",0,0,"",NA,"","","",0,0,"",NA,"","","",1
21500506,237,4,0,3,"5:17 PM","0:00","KNICKS Rebound",NA,"","","",2,1610612752,"",NA,"","","",0,0,"",NA,"","","",0,0,"",NA,"","","",0
21500506,238,13,0,3,"5:17 PM","0:00","",NA,"","76 - 86","10",0,0,"",NA,"","","",0,0,"",NA,"","","",0,0,"",NA,"","","",0
21500506,240,12,0,4,"5:20 PM","12:00","",NA,"","76 - 86","10",0,0,"",NA,"","","",0,0,"",NA,"","","",0,0,"",NA,"","","",720
21500506,241,1,47,4,"5:20 PM","11:37","Afflalo 13' Turnaround Jump Shot (32 PTS) (Williams 2 AST)",NA,"","76 - 88","12",4,201167,"Arron Afflalo",1610612752,"New York","Knicks","NYK",4,202682,"Derrick Williams",1610612752,"New York","Knicks","NYK",0,0,"",NA,"","","",697
21500506,242,2,101,4,"5:20 PM","11:18","",NA,"MISS Mack 11' Driving Floating Jump Shot","","",5,202714,"Shelvin Mack",1610612737,"Atlanta","Hawks","ATL",0,0,"",NA,"","","",0,0,"",NA,"","","",678
21500506,243,4,0,4,"5:20 PM","11:17","",NA,"Mack REBOUND (Off:1 Def:0)","","",5,202714,"Shelvin Mack",1610612737,"Atlanta","Hawks","ATL",0,0,"",NA,"","","",0,0,"",NA,"","","",677
21500506,244,1,42,4,"5:21 PM","11:05","",NA,"Mack 3' Driving Layup (10 PTS)","78 - 88","10",5,202714,"Shelvin Mack",1610612737,"Atlanta","Hawks","ATL",0,0,"",NA,"","","",0,0,"",NA,"","","",665
21500506,245,1,1,4,"5:21 PM","10:38","Galloway 21' Jump Shot (4 PTS) (Williams 3 AST)",NA,"","78 - 90","12",4,204038,"Langston Galloway",1610612752,"New York","Knicks","NYK",4,202682,"Derrick Williams",1610612752,"New York","Knicks","NYK",0,0,"",NA,"","","",638
21500506,246,5,45,4,"5:21 PM","10:27","",NA,"Mack Out of Bounds - Bad Pass Turnover Turnover (P3.T13)","","",5,202714,"Shelvin Mack",1610612737,"Atlanta","Hawks","ATL",0,0,"",NA,"","","",0,0,"",NA,"","","",627
21500506,247,2,1,4,"5:22 PM","10:12","MISS Grant 26' 3PT Jump Shot",NA,"","","",4,1626170,"Jerian Grant",1610612752,"New York","Knicks","NYK",0,0,"",NA,"","","",0,0,"",NA,"","","",612
21500506,248,4,0,4,"5:22 PM","10:11","",NA,"Bazemore REBOUND (Off:0 Def:2)","","",5,203145,"Kent Bazemore",1610612737,"Atlanta","Hawks","ATL",0,0,"",NA,"","","",0,0,"",NA,"","","",611
21500506,249,2,73,4,"5:22 PM","9:59","",NA,"MISS Bazemore 3' Driving Reverse Layup","","",5,203145,"Kent Bazemore",1610612737,"Atlanta","Hawks","ATL",0,0,"",NA,"","","",0,0,"",NA,"","","",599
21500506,250,4,0,4,"5:22 PM","9:58","Lopez REBOUND (Off:5 Def:5)",NA,"","","",4,201577,"Robin Lopez",1610612752,"New York","Knicks","NYK",0,0,"",NA,"","","",0,0,"",NA,"","","",598
21500506,251,2,73,4,"5:22 PM","9:42","MISS Williams 3' Driving Reverse Layup",NA,"","","",4,202682,"Derrick Williams",1610612752,"New York","Knicks","NYK",0,0,"",NA,"","","",0,0,"",NA,"","","",582
21500506,252,4,0,4,"5:22 PM","9:41","",NA,"Horford REBOUND (Off:0 Def:3)","","",5,201143,"Al Horford",1610612737,"Atlanta","Hawks","ATL",0,0,"",NA,"","","",0,0,"",NA,"","","",581
21500506,254,1,1,4,"5:23 PM","9:25","",NA,"Korver 15' Jump Shot (11 PTS) (Mack 4 AST)","80 - 90","10",5,2594,"Kyle Korver",1610612737,"Atlanta","Hawks","ATL",5,202714,"Shelvin Mack",1610612737,"Atlanta","Hawks","ATL",0,0,"",NA,"","","",565
21500506,255,1,3,4,"5:23 PM","9:07","Lopez 6' Hook Shot (16 PTS)",NA,"","80 - 92","12",4,201577,"Robin Lopez",1610612752,"New York","Knicks","NYK",0,0,"",NA,"","","",0,0,"",NA,"","","",547
21500506,256,5,1,4,"5:23 PM","8:58","Grant STEAL (2 STL)",NA,"Millsap Bad Pass Turnover (P4.T14)","","",5,200794,"Paul Millsap",1610612737,"Atlanta","Hawks","ATL",4,1626170,"Jerian Grant",1610612752,"New York","Knicks","NYK",0,0,"",NA,"","","",538
21500506,257,1,1,4,"5:23 PM","8:51","Afflalo 26' 3PT Jump Shot (35 PTS) (Grant 6 AST)",NA,"","80 - 95","15",4,201167,"Arron Afflalo",1610612752,"New York","Knicks","NYK",4,1626170,"Jerian Grant",1610612752,"New York","Knicks","NYK",0,0,"",NA,"","","",531
21500506,258,9,1,4,"5:23 PM","8:48","",NA,"Hawks Timeout: Regular (Reg.4 Short 0)","","",3,1610612737,"",NA,"","","",0,0,"",NA,"","","",0,0,"",NA,"","","",528
21500506,260,8,0,4,"5:26 PM","8:48","",NA,"SUB: Scott FOR Horford","","",5,201143,"Al Horford",1610612737,"Atlanta","Hawks","ATL",5,203118,"Mike Scott",1610612737,"Atlanta","Hawks","ATL",0,0,"",NA,"","","",528
21500506,261,8,0,4,"5:26 PM","8:48","",NA,"SUB: Teague FOR Mack","","",5,202714,"Shelvin Mack",1610612737,"Atlanta","Hawks","ATL",5,201952,"Jeff Teague",1610612737,"Atlanta","Hawks","ATL",0,0,"",NA,"","","",528
21500506,263,1,73,4,"5:26 PM","8:40","",NA,"Millsap 3' Driving Reverse Layup (17 PTS)","82 - 95","13",5,200794,"Paul Millsap",1610612737,"Atlanta","Hawks","ATL",0,0,"",NA,"","","",0,0,"",NA,"","","",520
21500506,264,1,1,4,"5:26 PM","8:23","Galloway 26' 3PT Jump Shot (7 PTS) (Grant 7 AST)",NA,"","82 - 98","16",4,204038,"Langston Galloway",1610612752,"New York","Knicks","NYK",4,1626170,"Jerian Grant",1610612752,"New York","Knicks","NYK",0,0,"",NA,"","","",503
21500506,265,2,42,4,"5:27 PM","8:05","",NA,"MISS Bazemore 3' Driving Layup","","",5,203145,"Kent Bazemore",1610612737,"Atlanta","Hawks","ATL",0,0,"",NA,"","","",0,0,"",NA,"","","",485
21500506,266,4,0,4,"5:27 PM","8:04","Lopez REBOUND (Off:5 Def:6)",NA,"","","",4,201577,"Robin Lopez",1610612752,"New York","Knicks","NYK",0,0,"",NA,"","","",0,0,"",NA,"","","",484
21500506,267,2,3,4,"5:27 PM","7:54","MISS Lopez 10' Hook Shot",NA,"","","",4,201577,"Robin Lopez",1610612752,"New York","Knicks","NYK",0,0,"",NA,"","","",0,0,"",NA,"","","",474
21500506,268,4,0,4,"5:27 PM","7:53","",NA,"Scott REBOUND (Off:0 Def:2)","","",5,203118,"Mike Scott",1610612737,"Atlanta","Hawks","ATL",0,0,"",NA,"","","",0,0,"",NA,"","","",473
21500506,269,6,1,4,"5:27 PM","7:32","Lopez P.FOUL (P3.T1) (H.Workman)",NA,"","","",4,201577,"Robin Lopez",1610612752,"New York","Knicks","NYK",5,200794,"Paul Millsap",1610612737,"Atlanta","Hawks","ATL",1,0,"",NA,"","","",452
21500506,270,2,1,4,"5:28 PM","7:32","",NA,"MISS Millsap 25' 3PT Jump Shot","","",5,200794,"Paul Millsap",1610612737,"Atlanta","Hawks","ATL",0,0,"",NA,"","","",0,0,"",NA,"","","",452
21500506,271,4,0,4,"5:28 PM","7:26","KNICKS Rebound",NA,"","","",2,1610612752,"",NA,"","","",0,0,"",NA,"","","",0,0,"",NA,"","","",446
21500506,272,6,3,4,"5:28 PM","7:15","",NA,"Bazemore L.B.FOUL (P2.T1) (S.Corbin)","","",5,203145,"Kent Bazemore",1610612737,"Atlanta","Hawks","ATL",4,201167,"Arron Afflalo",1610612752,"New York","Knicks","NYK",1,0,"",NA,"","","",435
21500506,273,6,4,4,"5:28 PM","7:15","Lopez OFF.Foul (P4) (S.Corbin)",NA,"","","",4,201577,"Robin Lopez",1610612752,"New York","Knicks","NYK",5,203145,"Kent Bazemore",1610612737,"Atlanta","Hawks","ATL",1,0,"",NA,"","","",435
21500506,274,5,5,4,"5:28 PM","7:15","Lopez Foul Turnover (P5.T14)",NA,"","","",4,201577,"Robin Lopez",1610612752,"New York","Knicks","NYK",0,0,"",NA,"","","",1,0,"",NA,"","","",435
21500506,275,8,0,4,"5:29 PM","7:13","SUB: Porzingis FOR Lopez",NA,"","","",4,201577,"Robin Lopez",1610612752,"New York","Knicks","NYK",4,204001,"Kristaps Porzingis",1610612752,"New York","Knicks","NYK",0,0,"",NA,"","","",433
21500506,276,8,0,4,"5:29 PM","7:13","SUB: Anthony FOR Grant",NA,"","","",4,1626170,"Jerian Grant",1610612752,"New York","Knicks","NYK",4,2546,"Carmelo Anthony",1610612752,"New York","Knicks","NYK",0,0,"",NA,"","","",433
21500506,277,2,1,4,"5:29 PM","6:56","",NA,"MISS Korver 26' 3PT Jump Shot","","",5,2594,"Kyle Korver",1610612737,"Atlanta","Hawks","ATL",0,0,"",NA,"","","",0,0,"",NA,"","","",416
21500506,278,4,0,4,"5:29 PM","6:55","",NA,"Millsap REBOUND (Off:5 Def:4)","","",5,200794,"Paul Millsap",1610612737,"Atlanta","Hawks","ATL",0,0,"",NA,"","","",0,0,"",NA,"","","",415
21500506,279,1,1,4,"5:29 PM","6:50","",NA,"Korver 19' Jump Shot (13 PTS) (Millsap 6 AST)","84 - 98","14",5,2594,"Kyle Korver",1610612737,"Atlanta","Hawks","ATL",5,200794,"Paul Millsap",1610612737,"Atlanta","Hawks","ATL",0,0,"",NA,"","","",410
21500506,280,2,42,4,"5:30 PM","6:28","MISS Afflalo 3' Driving Layup",NA,"Bazemore BLOCK (1 BLK)","","",4,201167,"Arron Afflalo",1610612752,"New York","Knicks","NYK",0,0,"",NA,"","","",5,203145,"Kent Bazemore",1610612737,"Atlanta","Hawks","ATL",388
21500506,281,4,0,4,"5:30 PM","6:26","Porzingis REBOUND (Off:2 Def:5)",NA,"","","",4,204001,"Kristaps Porzingis",1610612752,"New York","Knicks","NYK",0,0,"",NA,"","","",0,0,"",NA,"","","",386
21500506,282,2,1,4,"5:30 PM","6:21","MISS Galloway 19' Jump Shot",NA,"","","",4,204038,"Langston Galloway",1610612752,"New York","Knicks","NYK",0,0,"",NA,"","","",0,0,"",NA,"","","",381
21500506,283,4,0,4,"5:30 PM","6:20","",NA,"Bazemore REBOUND (Off:0 Def:3)","","",5,203145,"Kent Bazemore",1610612737,"Atlanta","Hawks","ATL",0,0,"",NA,"","","",0,0,"",NA,"","","",380
21500506,284,1,49,4,"5:30 PM","6:14","",NA,"Millsap  Driving Dunk (19 PTS) (Bazemore 3 AST)","86 - 98","12",5,200794,"Paul Millsap",1610612737,"Atlanta","Hawks","ATL",5,203145,"Kent Bazemore",1610612737,"Atlanta","Hawks","ATL",0,0,"",NA,"","","",374
21500506,287,6,1,4,"5:30 PM","5:57","",NA,"Millsap P.FOUL (P4.T2) (S.Foster)","","",5,200794,"Paul Millsap",1610612737,"Atlanta","Hawks","ATL",4,204001,"Kristaps Porzingis",1610612752,"New York","Knicks","NYK",1,0,"",NA,"","","",357
21500506,288,9,4,4,"5:30 PM","5:57","",NA,"","","",1,0,"",NA,"","","",0,0,"",NA,"","","",0,0,"",NA,"","","",357
21500506,289,8,0,4,"5:32 PM","5:57","",NA,"SUB: Sefolosha FOR Bazemore","","",5,203145,"Kent Bazemore",1610612737,"Atlanta","Hawks","ATL",5,200757,"Thabo Sefolosha",1610612737,"Atlanta","Hawks","ATL",0,0,"",NA,"","","",357
21500506,290,8,0,4,"5:32 PM","5:57","SUB: Calderon FOR Galloway",NA,"","","",4,204038,"Langston Galloway",1610612752,"New York","Knicks","NYK",4,101181,"Jose Calderon",1610612752,"New York","Knicks","NYK",0,0,"",NA,"","","",357
21500506,291,7,5,4,"5:33 PM","5:46","",NA,"Scott Violation:Kicked Ball (S.Corbin)","","",5,203118,"Mike Scott",1610612737,"Atlanta","Hawks","ATL",0,0,"",NA,"","","",1,0,"",NA,"","","",346
21500506,292,2,1,4,"5:33 PM","5:37","MISS Williams 26' 3PT Jump Shot",NA,"","","",4,202682,"Derrick Williams",1610612752,"New York","Knicks","NYK",0,0,"",NA,"","","",0,0,"",NA,"","","",337
21500506,293,4,0,4,"5:33 PM","5:36","Anthony REBOUND (Off:4 Def:3)",NA,"","","",4,2546,"Carmelo Anthony",1610612752,"New York","Knicks","NYK",0,0,"",NA,"","","",0,0,"",NA,"","","",336
21500506,294,1,1,4,"5:33 PM","5:32","Afflalo 26' 3PT Jump Shot (38 PTS) (Anthony 5 AST)",NA,"","86 - 101","15",4,201167,"Arron Afflalo",1610612752,"New York","Knicks","NYK",4,2546,"Carmelo Anthony",1610612752,"New York","Knicks","NYK",0,0,"",NA,"","","",332
21500506,295,6,1,4,"5:34 PM","5:17","Afflalo P.FOUL (P2.T2) (H.Workman)",NA,"","","",4,201167,"Arron Afflalo",1610612752,"New York","Knicks","NYK",5,201952,"Jeff Teague",1610612737,"Atlanta","Hawks","ATL",1,0,"",NA,"","","",317
21500506,296,2,46,4,"5:34 PM","5:17","",NA,"MISS Teague 10' Running Jump Shot","","",5,201952,"Jeff Teague",1610612737,"Atlanta","Hawks","ATL",0,0,"",NA,"","","",0,0,"",NA,"","","",317
21500506,297,4,0,4,"5:34 PM","5:16","",NA,"Korver REBOUND (Off:1 Def:2)","","",5,2594,"Kyle Korver",1610612737,"Atlanta","Hawks","ATL",0,0,"",NA,"","","",0,0,"",NA,"","","",316
21500506,298,2,97,4,"5:34 PM","5:16","",NA,"MISS Korver 2' Tip Layup Shot","","",5,2594,"Kyle Korver",1610612737,"Atlanta","Hawks","ATL",0,0,"",NA,"","","",0,0,"",NA,"","","",316
21500506,299,4,0,4,"5:34 PM","5:15","Williams REBOUND (Off:0 Def:5)",NA,"","","",4,202682,"Derrick Williams",1610612752,"New York","Knicks","NYK",0,0,"",NA,"","","",0,0,"",NA,"","","",315
21500506,301,8,0,4,"5:35 PM","4:48","",NA,"SUB: Bazemore FOR Korver","","",5,2594,"Kyle Korver",1610612737,"Atlanta","Hawks","ATL",5,203145,"Kent Bazemore",1610612737,"Atlanta","Hawks","ATL",0,0,"",NA,"","","",288
21500506,302,8,0,4,"5:35 PM","4:48","",NA,"SUB: Horford FOR Millsap","","",5,200794,"Paul Millsap",1610612737,"Atlanta","Hawks","ATL",5,201143,"Al Horford",1610612737,"Atlanta","Hawks","ATL",0,0,"",NA,"","","",288
21500506,303,9,1,4,"5:35 PM","4:48","KNICKS Timeout: Regular (Full 4 Short 0)",NA,"","","",2,1610612752,"",NA,"","","",0,0,"",NA,"","","",0,0,"",NA,"","","",288
21500506,306,1,49,4,"5:38 PM","4:41","Anthony  Driving Dunk (7 PTS)",NA,"","86 - 103","17",4,2546,"Carmelo Anthony",1610612752,"New York","Knicks","NYK",0,0,"",NA,"","","",0,0,"",NA,"","","",281
21500506,307,2,1,4,"5:38 PM","4:26","",NA,"MISS Sefolosha 25' 3PT Jump Shot","","",5,200757,"Thabo Sefolosha",1610612737,"Atlanta","Hawks","ATL",0,0,"",NA,"","","",0,0,"",NA,"","","",266
21500506,308,4,0,4,"5:38 PM","4:25","Afflalo REBOUND (Off:0 Def:2)",NA,"","","",4,201167,"Arron Afflalo",1610612752,"New York","Knicks","NYK",0,0,"",NA,"","","",0,0,"",NA,"","","",265
21500506,309,2,42,4,"5:38 PM","4:09","MISS Porzingis 3' Driving Layup",NA,"","","",4,204001,"Kristaps Porzingis",1610612752,"New York","Knicks","NYK",0,0,"",NA,"","","",0,0,"",NA,"","","",249
21500506,310,4,0,4,"5:38 PM","4:08","",NA,"Scott REBOUND (Off:0 Def:3)","","",5,203118,"Mike Scott",1610612737,"Atlanta","Hawks","ATL",0,0,"",NA,"","","",0,0,"",NA,"","","",248
21500506,311,1,1,4,"5:38 PM","3:59","",NA,"Scott 25' 3PT Jump Shot (3 PTS) (Sefolosha 3 AST)","89 - 103","14",5,203118,"Mike Scott",1610612737,"Atlanta","Hawks","ATL",5,200757,"Thabo Sefolosha",1610612737,"Atlanta","Hawks","ATL",0,0,"",NA,"","","",239
21500506,312,2,1,4,"5:39 PM","3:37","MISS Afflalo 25' 3PT Jump Shot",NA,"","","",4,201167,"Arron Afflalo",1610612752,"New York","Knicks","NYK",0,0,"",NA,"","","",0,0,"",NA,"","","",217
21500506,313,4,0,4,"5:39 PM","3:36","Anthony REBOUND (Off:5 Def:3)",NA,"","","",4,2546,"Carmelo Anthony",1610612752,"New York","Knicks","NYK",0,0,"",NA,"","","",0,0,"",NA,"","","",216
21500506,314,6,2,4,"5:39 PM","3:35","",NA,"Sefolosha S.FOUL (P2.T3) (S.Corbin)","","",5,200757,"Thabo Sefolosha",1610612737,"Atlanta","Hawks","ATL",4,2546,"Carmelo Anthony",1610612752,"New York","Knicks","NYK",1,0,"",NA,"","","",215
21500506,315,3,11,4,"5:39 PM","3:35","Anthony Free Throw 1 of 2 (8 PTS)",NA,"","89 - 104","15",4,2546,"Carmelo Anthony",1610612752,"New York","Knicks","NYK",0,0,"",NA,"","","",0,0,"",NA,"","","",215
21500506,317,8,0,4,"5:39 PM","3:35","",NA,"SUB: Patterson FOR Bazemore","","",5,203145,"Kent Bazemore",1610612737,"Atlanta","Hawks","ATL",5,203934,"Lamar Patterson",1610612737,"Atlanta","Hawks","ATL",0,0,"",NA,"","","",215
21500506,318,3,12,4,"5:39 PM","3:35","Anthony Free Throw 2 of 2 (9 PTS)",NA,"","89 - 105","16",4,2546,"Carmelo Anthony",1610612752,"New York","Knicks","NYK",0,0,"",NA,"","","",0,0,"",NA,"","","",215
21500506,320,2,1,4,"5:40 PM","3:26","",NA,"MISS Scott 25' 3PT Jump Shot","","",5,203118,"Mike Scott",1610612737,"Atlanta","Hawks","ATL",0,0,"",NA,"","","",0,0,"",NA,"","","",206
21500506,321,4,0,4,"5:40 PM","3:25","Anthony REBOUND (Off:5 Def:4)",NA,"","","",4,2546,"Carmelo Anthony",1610612752,"New York","Knicks","NYK",0,0,"",NA,"","","",0,0,"",NA,"","","",205
21500506,322,1,1,4,"5:40 PM","3:10","Anthony 20' Jump Shot (11 PTS)",NA,"","89 - 107","18",4,2546,"Carmelo Anthony",1610612752,"New York","Knicks","NYK",0,0,"",NA,"","","",0,0,"",NA,"","","",190
21500506,323,6,2,4,"5:40 PM","3:00","Porzingis S.FOUL (P3.T3) (H.Workman)",NA,"","","",4,204001,"Kristaps Porzingis",1610612752,"New York","Knicks","NYK",5,201952,"Jeff Teague",1610612737,"Atlanta","Hawks","ATL",1,0,"",NA,"","","",180
21500506,324,3,11,4,"5:40 PM","3:00","",NA,"Teague Free Throw 1 of 2 (8 PTS)","90 - 107","17",5,201952,"Jeff Teague",1610612737,"Atlanta","Hawks","ATL",0,0,"",NA,"","","",0,0,"",NA,"","","",180
21500506,326,8,0,4,"5:40 PM","3:00","",NA,"SUB: Tavares FOR Horford","","",5,201143,"Al Horford",1610612737,"Atlanta","Hawks","ATL",5,204002,"Edy Tavares",1610612737,"Atlanta","Hawks","ATL",0,0,"",NA,"","","",180
21500506,327,8,0,4,"5:40 PM","3:00","",NA,"SUB: Holiday FOR Sefolosha","","",5,200757,"Thabo Sefolosha",1610612737,"Atlanta","Hawks","ATL",5,203200,"Justin Holiday",1610612737,"Atlanta","Hawks","ATL",0,0,"",NA,"","","",180
21500506,328,3,12,4,"5:41 PM","3:00","",NA,"Teague Free Throw 2 of 2 (9 PTS)","91 - 107","16",5,201952,"Jeff Teague",1610612737,"Atlanta","Hawks","ATL",0,0,"",NA,"","","",0,0,"",NA,"","","",180
21500506,330,6,28,4,"5:41 PM","2:54","",NA,"Patterson Personal Take Foul (P1.T4) (S.Foster)","","",5,203934,"Lamar Patterson",1610612737,"Atlanta","Hawks","ATL",4,2546,"Carmelo Anthony",1610612752,"New York","Knicks","NYK",1,0,"",NA,"","","",174
21500506,331,8,0,4,"5:41 PM","2:54","",NA,"SUB: Mack FOR Teague","","",5,201952,"Jeff Teague",1610612737,"Atlanta","Hawks","ATL",5,202714,"Shelvin Mack",1610612737,"Atlanta","Hawks","ATL",0,0,"",NA,"","","",174
21500506,332,8,0,4,"5:41 PM","2:54","SUB: Thomas FOR Anthony",NA,"","","",4,2546,"Carmelo Anthony",1610612752,"New York","Knicks","NYK",4,202498,"Lance Thomas",1610612752,"New York","Knicks","NYK",0,0,"",NA,"","","",174
21500506,333,8,0,4,"5:41 PM","2:54","SUB: Galloway FOR Porzingis",NA,"","","",4,204001,"Kristaps Porzingis",1610612752,"New York","Knicks","NYK",4,204038,"Langston Galloway",1610612752,"New York","Knicks","NYK",0,0,"",NA,"","","",174
21500506,334,8,0,4,"5:41 PM","2:54","SUB: Grant FOR Afflalo",NA,"","","",4,201167,"Arron Afflalo",1610612752,"New York","Knicks","NYK",4,1626170,"Jerian Grant",1610612752,"New York","Knicks","NYK",0,0,"",NA,"","","",174
21500506,335,8,0,4,"5:41 PM","2:54","SUB: O'Quinn FOR Calderon",NA,"","","",4,101181,"Jose Calderon",1610612752,"New York","Knicks","NYK",4,203124,"Kyle O'Quinn",1610612752,"New York","Knicks","NYK",0,0,"",NA,"","","",174
21500506,336,1,1,4,"5:42 PM","2:44","Grant 20' Jump Shot (8 PTS) (O'Quinn 1 AST)",NA,"","91 - 109","18",4,1626170,"Jerian Grant",1610612752,"New York","Knicks","NYK",4,203124,"Kyle O'Quinn",1610612752,"New York","Knicks","NYK",0,0,"",NA,"","","",164
21500506,337,5,1,4,"5:42 PM","2:27","O'Quinn STEAL (1 STL)",NA,"Holiday Bad Pass Turnover (P1.T15)","","",5,203200,"Justin Holiday",1610612737,"Atlanta","Hawks","ATL",4,203124,"Kyle O'Quinn",1610612752,"New York","Knicks","NYK",0,0,"",NA,"","","",147
21500506,338,5,1,4,"5:42 PM","2:16","O'Quinn Bad Pass Turnover (P1.T15)",NA,"Mack STEAL (1 STL)","","",4,203124,"Kyle O'Quinn",1610612752,"New York","Knicks","NYK",5,202714,"Shelvin Mack",1610612737,"Atlanta","Hawks","ATL",0,0,"",NA,"","","",136
21500506,339,1,5,4,"5:42 PM","2:11","",NA,"Scott 2' Layup (5 PTS) (Holiday 1 AST)","93 - 109","16",5,203118,"Mike Scott",1610612737,"Atlanta","Hawks","ATL",5,203200,"Justin Holiday",1610612737,"Atlanta","Hawks","ATL",0,0,"",NA,"","","",131
21500506,340,2,63,4,"5:43 PM","1:40","MISS O'Quinn 17' Fadeaway Jumper",NA,"","","",4,203124,"Kyle O'Quinn",1610612752,"New York","Knicks","NYK",0,0,"",NA,"","","",0,0,"",NA,"","","",100
21500506,341,4,0,4,"5:43 PM","1:39","",NA,"Tavares REBOUND (Off:1 Def:3)","","",5,204002,"Edy Tavares",1610612737,"Atlanta","Hawks","ATL",0,0,"",NA,"","","",0,0,"",NA,"","","",99
21500506,342,1,5,4,"5:43 PM","1:34","",NA,"Tavares 3' Layup (4 PTS) (Mack 5 AST)","95 - 109","14",5,204002,"Edy Tavares",1610612737,"Atlanta","Hawks","ATL",5,202714,"Shelvin Mack",1610612737,"Atlanta","Hawks","ATL",0,0,"",NA,"","","",94
21500506,343,2,42,4,"5:43 PM","1:24","MISS Grant 2' Driving Layup",NA,"","","",4,1626170,"Jerian Grant",1610612752,"New York","Knicks","NYK",0,0,"",NA,"","","",0,0,"",NA,"","","",84
21500506,344,4,0,4,"5:43 PM","1:19","KNICKS Rebound",NA,"","","",2,1610612752,"",NA,"","","",0,0,"",NA,"","","",0,0,"",NA,"","","",79
21500506,345,2,1,4,"5:43 PM","1:19","MISS Grant 14' Jump Shot",NA,"","","",4,1626170,"Jerian Grant",1610612752,"New York","Knicks","NYK",0,0,"",NA,"","","",0,0,"",NA,"","","",79
21500506,346,4,0,4,"5:43 PM","1:18","",NA,"Holiday REBOUND (Off:0 Def:1)","","",5,203200,"Justin Holiday",1610612737,"Atlanta","Hawks","ATL",0,0,"",NA,"","","",0,0,"",NA,"","","",78
21500506,347,2,5,4,"5:43 PM","1:15","Grant BLOCK (1 BLK)",NA,"MISS Mack 2' Layup","","",5,202714,"Shelvin Mack",1610612737,"Atlanta","Hawks","ATL",0,0,"",NA,"","","",4,1626170,"Jerian Grant",1610612752,"New York","Knicks","NYK",75
21500506,348,4,0,4,"5:43 PM","1:10","",NA,"Hawks Rebound","","",3,1610612737,"",NA,"","","",0,0,"",NA,"","","",0,0,"",NA,"","","",70
21500506,349,1,42,4,"5:44 PM","0:51","",NA,"Holiday 3' Driving Layup (2 PTS)","97 - 109","12",5,203200,"Justin Holiday",1610612737,"Atlanta","Hawks","ATL",0,0,"",NA,"","","",0,0,"",NA,"","","",51
21500506,350,6,4,4,"5:44 PM","0:50","O'Quinn OFF.Foul (P1) (S.Foster)",NA,"","","",4,203124,"Kyle O'Quinn",1610612752,"New York","Knicks","NYK",5,203934,"Lamar Patterson",1610612737,"Atlanta","Hawks","ATL",1,0,"",NA,"","","",50
21500506,351,5,5,4,"5:44 PM","0:50","O'Quinn Foul Turnover (P2.T16)",NA,"","","",4,203124,"Kyle O'Quinn",1610612752,"New York","Knicks","NYK",0,0,"",NA,"","","",1,0,"",NA,"","","",50
21500506,352,2,1,4,"5:44 PM","0:42","",NA,"MISS Patterson 25' 3PT Jump Shot","","",5,203934,"Lamar Patterson",1610612737,"Atlanta","Hawks","ATL",0,0,"",NA,"","","",0,0,"",NA,"","","",42
21500506,353,4,0,4,"5:45 PM","0:41","Thomas REBOUND (Off:0 Def:3)",NA,"","","",4,202498,"Lance Thomas",1610612752,"New York","Knicks","NYK",0,0,"",NA,"","","",0,0,"",NA,"","","",41
21500506,354,1,1,4,"5:45 PM","0:27","Williams 15' Jump Shot (6 PTS) (O'Quinn 2 AST)",NA,"","97 - 111","14",4,202682,"Derrick Williams",1610612752,"New York","Knicks","NYK",4,203124,"Kyle O'Quinn",1610612752,"New York","Knicks","NYK",0,0,"",NA,"","","",27
21500506,355,6,2,4,"5:45 PM","0:18","Thomas S.FOUL (P4.T4) (S.Foster)",NA,"","","",4,202498,"Lance Thomas",1610612752,"New York","Knicks","NYK",5,204002,"Edy Tavares",1610612737,"Atlanta","Hawks","ATL",1,0,"",NA,"","","",18
21500506,356,3,11,4,"5:45 PM","0:18","",NA,"MISS Tavares Free Throw 1 of 2","","",5,204002,"Edy Tavares",1610612737,"Atlanta","Hawks","ATL",0,0,"",NA,"","","",0,0,"",NA,"","","",18
21500506,357,4,1,4,"5:45 PM","0:18","",NA,"Hawks Rebound","","",3,1610612737,"",NA,"","","",0,0,"",NA,"","","",0,0,"",NA,"","","",18
21500506,358,3,12,4,"5:45 PM","0:18","",NA,"MISS Tavares Free Throw 2 of 2","","",5,204002,"Edy Tavares",1610612737,"Atlanta","Hawks","ATL",0,0,"",NA,"","","",0,0,"",NA,"","","",18
21500506,360,4,0,4,"5:46 PM","0:17","O'Quinn REBOUND (Off:0 Def:1)",NA,"","","",4,203124,"Kyle O'Quinn",1610612752,"New York","Knicks","NYK",0,0,"",NA,"","","",0,0,"",NA,"","","",17
21500506,556,13,0,4,"5:46 PM","0:00","",NA,"","97 - 111","14",0,0,"",NA,"","","",0,0,"",NA,"","","",0,0,"",NA,"","","",0
